<Data version="1.162">
  <Ships>
    <Ship>
      <Title>U.S.S. Enterprise-D</Title>
      <Unique>Y</Unique>
      <ShipClass>Galaxy</ShipClass>
      <Faction>Federation</Faction>
      <Attack>4</Attack>
      <Agility>1</Agility>
      <Hull>5</Hull>
      <Shield>4</Shield>
      <Ability>Instead of making a normal attack with your primary weapon, you may fire in any direction at Range 1-2</Ability>
      <Cost>28</Cost>
      <EvasiveManeuvers>1</EvasiveManeuvers>
      <TargetLock>1</TargetLock>
      <Scan>1</Scan>
      <Battlestations>1</Battlestations>
      <Cloak>
      </Cloak>
      <SensorEcho>
      </SensorEcho>
      <Tech>
      </Tech>
      <Weapon>2</Weapon>
      <Crew>3</Crew>
      <Id>1001</Id>
      <Set>71120</Set>
    </Ship>
    <Ship>
      <Title>Federation Galaxy</Title>
      <Unique>N</Unique>
      <ShipClass>Galaxy</ShipClass>
      <Faction>Federation</Faction>
      <Attack>4</Attack>
      <Agility>1</Agility>
      <Hull>5</Hull>
      <Shield>3</Shield>
      <Ability>
      </Ability>
      <Cost>26</Cost>
      <EvasiveManeuvers>1</EvasiveManeuvers>
      <TargetLock>1</TargetLock>
      <Scan>1</Scan>
      <Battlestations>1</Battlestations>
      <Cloak>
      </Cloak>
      <SensorEcho>
      </SensorEcho>
      <Tech>
      </Tech>
      <Weapon>1</Weapon>
      <Crew>3</Crew>
      <Id>1002</Id>
      <Set>71120</Set>
    </Ship>
    <Ship>
      <Title>I.R.W. Khazara</Title>
      <Unique>Y</Unique>
      <ShipClass>D'deridex</ShipClass>
      <Faction>Romulan</Faction>
      <Attack>3</Attack>
      <Agility>2</Agility>
      <Hull>6</Hull>
      <Shield>4</Shield>
      <Ability>If you initiate and attack while cloaked add +1 attack die.</Ability>
      <Cost>30</Cost>
      <EvasiveManeuvers>1</EvasiveManeuvers>
      <TargetLock>1</TargetLock>
      <Scan>
      </Scan>
      <Battlestations>
      </Battlestations>
      <Cloak>1</Cloak>
      <SensorEcho>1</SensorEcho>
      <Tech>1</Tech>
      <Weapon>1</Weapon>
      <Crew>3</Crew>
      <Id>1003</Id>
      <Set>71120</Set>
    </Ship>
    <Ship>
      <Title>Romulan D'deridex</Title>
      <Unique>N</Unique>
      <ShipClass>D'deridex</ShipClass>
      <Faction>Romulan</Faction>
      <Attack>3</Attack>
      <Agility>2</Agility>
      <Hull>6</Hull>
      <Shield>3</Shield>
      <Ability>
      </Ability>
      <Cost>28</Cost>
      <EvasiveManeuvers>1</EvasiveManeuvers>
      <TargetLock>1</TargetLock>
      <Scan>
      </Scan>
      <Battlestations>
      </Battlestations>
      <Cloak>1</Cloak>
      <SensorEcho>1</SensorEcho>
      <Tech>1</Tech>
      <Weapon>1</Weapon>
      <Crew>2</Crew>
      <Id>1004</Id>
      <Set>71120</Set>
    </Ship>
    <Ship>
      <Title>I.K.S. Maht-H'A</Title>
      <Unique>Y</Unique>
      <ShipClass>Vor'cha</ShipClass>
      <Faction>Klingon</Faction>
      <Attack>5</Attack>
      <Agility>1</Agility>
      <Hull>5</Hull>
      <Shield>3</Shield>
      <Ability>Any ship attacking you at Range 1 rolls 1 less attack die.</Ability>
      <Cost>28</Cost>
      <EvasiveManeuvers>1</EvasiveManeuvers>
      <TargetLock>1</TargetLock>
      <Scan>
      </Scan>
      <Battlestations>
      </Battlestations>
      <Cloak>1</Cloak>
      <SensorEcho>1</SensorEcho>
      <Tech>1</Tech>
      <Weapon>1</Weapon>
      <Crew>2</Crew>
      <Id>1005</Id>
      <Set>71120</Set>
    </Ship>
    <Ship>
      <Title>Klingon Vor'cha</Title>
      <Unique>N</Unique>
      <ShipClass>Vor'cha</ShipClass>
      <Faction>Klingon</Faction>
      <Attack>5</Attack>
      <Agility>1</Agility>
      <Hull>5</Hull>
      <Shield>2</Shield>
      <Ability>
      </Ability>
      <Cost>26</Cost>
      <EvasiveManeuvers>1</EvasiveManeuvers>
      <TargetLock>1</TargetLock>
      <Scan>
      </Scan>
      <Battlestations>
      </Battlestations>
      <Cloak>1</Cloak>
      <SensorEcho>1</SensorEcho>
      <Tech>1</Tech>
      <Weapon>1</Weapon>
      <Crew>1</Crew>
      <Id>1006</Id>
      <Set>71120</Set>
    </Ship>
    <Ship>
      <Title>U.S.S. Reliant</Title>
      <Unique>Y</Unique>
      <ShipClass>Miranda</ShipClass>
      <Faction>Federation</Faction>
      <Attack>2</Attack>
      <Agility>2</Agility>
      <Hull>3</Hull>
      <Shield>3</Shield>
      <Ability>You gain +1 attack die when firing at Range 1.</Ability>
      <Cost>20</Cost>
      <EvasiveManeuvers>1</EvasiveManeuvers>
      <TargetLock>1</TargetLock>
      <Scan>1</Scan>
      <Battlestations>1</Battlestations>
      <Cloak>
      </Cloak>
      <SensorEcho>
      </SensorEcho>
      <Tech>
      </Tech>
      <Weapon>1</Weapon>
      <Crew>2</Crew>
      <Id>1007</Id>
      <Set>71121</Set>
    </Ship>
    <Ship>
      <Title>Federation Miranda</Title>
      <Unique>N</Unique>
      <ShipClass>Miranda</ShipClass>
      <Faction>Federation</Faction>
      <Attack>2</Attack>
      <Agility>2</Agility>
      <Hull>3</Hull>
      <Shield>2</Shield>
      <Ability>
      </Ability>
      <Cost>18</Cost>
      <EvasiveManeuvers>1</EvasiveManeuvers>
      <TargetLock>1</TargetLock>
      <Scan>1</Scan>
      <Battlestations>1</Battlestations>
      <Cloak>
      </Cloak>
      <SensorEcho>
      </SensorEcho>
      <Tech>
      </Tech>
      <Weapon>1</Weapon>
      <Crew>1</Crew>
      <Id>1008</Id>
      <Set>71121</Set>
    </Ship>
    <Ship>
      <Title>U.S.S. Enterprise</Title>
      <Unique>Y</Unique>
      <ShipClass>Constitution</ShipClass>
      <Faction>Federation</Faction>
      <Attack>3</Attack>
      <Agility>1</Agility>
      <Hull>4</Hull>
      <Shield>3</Shield>
      <Ability>The USS Enterprise can perform an Action listed on its Action Bar while it has an Auxiliary Power token.</Ability>
      <Cost>22</Cost>
      <EvasiveManeuvers>1</EvasiveManeuvers>
      <TargetLock>1</TargetLock>
      <Scan>1</Scan>
      <Battlestations>1</Battlestations>
      <Cloak>
      </Cloak>
      <SensorEcho>
      </SensorEcho>
      <Tech>
      </Tech>
      <Weapon>1</Weapon>
      <Crew>4</Crew>
      <Id>1009</Id>
      <Set>71122</Set>
    </Ship>
    <Ship>
      <Title>Federation Constitution</Title>
      <Unique>N</Unique>
      <ShipClass>Constitution</ShipClass>
      <Faction>Federation</Faction>
      <Attack>3</Attack>
      <Agility>1</Agility>
      <Hull>4</Hull>
      <Shield>2</Shield>
      <Ability>
      </Ability>
      <Cost>20</Cost>
      <EvasiveManeuvers>1</EvasiveManeuvers>
      <TargetLock>1</TargetLock>
      <Scan>1</Scan>
      <Battlestations>1</Battlestations>
      <Cloak>
      </Cloak>
      <SensorEcho>
      </SensorEcho>
      <Tech>
      </Tech>
      <Weapon>1</Weapon>
      <Crew>2</Crew>
      <Id>1010</Id>
      <Set>71122</Set>
    </Ship>
    <Ship>
      <Title>I.R.W. Valdore</Title>
      <Unique>Y</Unique>
      <ShipClass>Valdore</ShipClass>
      <Faction>Romulan</Faction>
      <Attack>4</Attack>
      <Agility>2</Agility>
      <Hull>6</Hull>
      <Shield>3</Shield>
      <Ability>If you perform a Green Maneuver, add +1 attack die for the remainder of this round.</Ability>
      <Cost>30</Cost>
      <EvasiveManeuvers>1</EvasiveManeuvers>
      <TargetLock>1</TargetLock>
      <Scan>
      </Scan>
      <Battlestations>
      </Battlestations>
      <Cloak>1</Cloak>
      <SensorEcho>1</SensorEcho>
      <Tech>
      </Tech>
      <Weapon>2</Weapon>
      <Crew>2</Crew>
      <Id>1011</Id>
      <Set>71123</Set>
    </Ship>
    <Ship>
      <Title>Romulan Valdore</Title>
      <Unique>N</Unique>
      <ShipClass>Valdore</ShipClass>
      <Faction>Romulan</Faction>
      <Attack>4</Attack>
      <Agility>2</Agility>
      <Hull>6</Hull>
      <Shield>2</Shield>
      <Ability>
      </Ability>
      <Cost>28</Cost>
      <EvasiveManeuvers>1</EvasiveManeuvers>
      <TargetLock>1</TargetLock>
      <Scan>
      </Scan>
      <Battlestations>
      </Battlestations>
      <Cloak>1</Cloak>
      <SensorEcho>1</SensorEcho>
      <Tech>
      </Tech>
      <Weapon>1</Weapon>
      <Crew>2</Crew>
      <Id>1012</Id>
      <Set>71123</Set>
    </Ship>
    <Ship>
      <Title>R.I.S. Apnex</Title>
      <Unique>Y</Unique>
      <ShipClass>Romulan Science Vessel</ShipClass>
      <Faction>Romulan</Faction>
      <Attack>1</Attack>
      <Agility>2</Agility>
      <Hull>2</Hull>
      <Shield>2</Shield>
      <Ability>ACTION (once/game): Every ship at range 1 sustains 1 damage (including this ship). During the Planning Phase this ship must choose a '1' Maneuver (forward, bank or turn) for the rest of the game.</Ability>
      <Cost>14</Cost>
      <EvasiveManeuvers>1</EvasiveManeuvers>
      <TargetLock>
      </TargetLock>
      <Scan>
      </Scan>
      <Battlestations>
      </Battlestations>
      <Cloak>1</Cloak>
      <SensorEcho>1</SensorEcho>
      <Tech>1</Tech>
      <Weapon>
      </Weapon>
      <Crew>2</Crew>
      <Id>1013</Id>
      <Set>71124</Set>
    </Ship>
    <Ship>
      <Title>Romulan Science Vessel</Title>
      <Unique>N</Unique>
      <ShipClass>Romulan Science Vessel</ShipClass>
      <Faction>Romulan</Faction>
      <Attack>1</Attack>
      <Agility>2</Agility>
      <Hull>2</Hull>
      <Shield>1</Shield>
      <Ability>
      </Ability>
      <Cost>12</Cost>
      <EvasiveManeuvers>1</EvasiveManeuvers>
      <TargetLock>
      </TargetLock>
      <Scan>
      </Scan>
      <Battlestations>
      </Battlestations>
      <Cloak>1</Cloak>
      <SensorEcho>1</SensorEcho>
      <Tech>1</Tech>
      <Weapon>
      </Weapon>
      <Crew>1</Crew>
      <Id>1014</Id>
      <Set>71124</Set>
    </Ship>
    <Ship>
      <Title>I.K.S. Gr'oth</Title>
      <Unique>Y</Unique>
      <ShipClass>D7</ShipClass>
      <Faction>Klingon</Faction>
      <Attack>3</Attack>
      <Agility>1</Agility>
      <Hull>3</Hull>
      <Shield>2</Shield>
      <Ability>Each time you defend against a ship at Range 1, roll 1 extra defense die.</Ability>
      <Cost>18</Cost>
      <EvasiveManeuvers>1</EvasiveManeuvers>
      <TargetLock>1</TargetLock>
      <Scan>
      </Scan>
      <Battlestations>1</Battlestations>
      <Cloak>
      </Cloak>
      <SensorEcho>
      </SensorEcho>
      <Tech>1</Tech>
      <Weapon>1</Weapon>
      <Crew>1</Crew>
      <Id>1015</Id>
      <Set>71125</Set>
    </Ship>
    <Ship>
      <Title>Klingon D7</Title>
      <Unique>N</Unique>
      <ShipClass>D7</ShipClass>
      <Faction>Klingon</Faction>
      <Attack>3</Attack>
      <Agility>1</Agility>
      <Hull>3</Hull>
      <Shield>1</Shield>
      <Ability>
      </Ability>
      <Cost>16</Cost>
      <EvasiveManeuvers>1</EvasiveManeuvers>
      <TargetLock>1</TargetLock>
      <Scan>
      </Scan>
      <Battlestations>1</Battlestations>
      <Cloak>
      </Cloak>
      <SensorEcho>
      </SensorEcho>
      <Tech>
      </Tech>
      <Weapon>1</Weapon>
      <Crew>1</Crew>
      <Id>1016</Id>
      <Set>71125</Set>
    </Ship>
    <Ship>
      <Title>I.K.S. Negh'var</Title>
      <Unique>Y</Unique>
      <ShipClass>Negh'var</ShipClass>
      <Faction>Klingon</Faction>
      <Attack>5</Attack>
      <Agility>1</Agility>
      <Hull>6</Hull>
      <Shield>3</Shield>
      <Ability>ACTION: Target a ship within your firing arc at Range 1-2 and roll 3 attack dice. For each [DAMAGE] result disable 1 of that ship's Shields. If possible, you may play Klingon Boarding Party as a free action this turn. </Ability>
      <Cost>30</Cost>
      <EvasiveManeuvers>1</EvasiveManeuvers>
      <TargetLock>1</TargetLock>
      <Scan>
      </Scan>
      <Battlestations>1</Battlestations>
      <Cloak>1</Cloak>
      <SensorEcho>1</SensorEcho>
      <Tech>1</Tech>
      <Weapon>1</Weapon>
      <Crew>2</Crew>
      <Id>1017</Id>
      <Set>71126</Set>
    </Ship>
    <Ship>
      <Title>Klingon Negh'var</Title>
      <Unique>N</Unique>
      <ShipClass>Negh'var</ShipClass>
      <Faction>Klingon</Faction>
      <Attack>5</Attack>
      <Agility>1</Agility>
      <Hull>6</Hull>
      <Shield>2</Shield>
      <Ability>
      </Ability>
      <Cost>28</Cost>
      <EvasiveManeuvers>1</EvasiveManeuvers>
      <TargetLock>1</TargetLock>
      <Scan>
      </Scan>
      <Battlestations>1</Battlestations>
      <Cloak>1</Cloak>
      <SensorEcho>1</SensorEcho>
      <Tech>1</Tech>
      <Weapon>1</Weapon>
      <Crew>1</Crew>
      <Id>1018</Id>
      <Set>71126</Set>
    </Ship>
    <Ship>
      <Title>Kraxon</Title>
      <Unique>Y</Unique>
      <ShipClass>Cardassian Galor</ShipClass>
      <Faction>Dominion</Faction>
      <Attack>4</Attack>
      <Agility>1</Agility>
      <Hull>4</Hull>
      <Shield>4</Shield>
      <Ability>Whenever a friendly ship within Range 1 of your ship receives damage you may transfer any amount of that damage to your own Shields, if possible.</Ability>
      <Cost>26</Cost>
      <EvasiveManeuvers>1</EvasiveManeuvers>
      <TargetLock>1</TargetLock>
      <Scan>1</Scan>
      <Battlestations>
      </Battlestations>
      <Cloak>
      </Cloak>
      <SensorEcho>
      </SensorEcho>
      <Tech>2</Tech>
      <Weapon>1</Weapon>
      <Crew>1</Crew>
      <Id>1019</Id>
      <Set>71127</Set>
    </Ship>
    <Ship>
      <Title>Cardassian Galor</Title>
      <Unique>N</Unique>
      <ShipClass>Cardassian Galor</ShipClass>
      <Faction>Dominion</Faction>
      <Attack>4</Attack>
      <Agility>1</Agility>
      <Hull>4</Hull>
      <Shield>3</Shield>
      <Ability>
      </Ability>
      <Cost>24</Cost>
      <EvasiveManeuvers>1</EvasiveManeuvers>
      <TargetLock>1</TargetLock>
      <Scan>1</Scan>
      <Battlestations>
      </Battlestations>
      <Cloak>
      </Cloak>
      <SensorEcho>
      </SensorEcho>
      <Tech>1</Tech>
      <Weapon>1</Weapon>
      <Crew>1</Crew>
      <Id>1020</Id>
      <Set>71127</Set>
    </Ship>
    <Ship>
      <Title>Gor Portas</Title>
      <Unique>Y</Unique>
      <ShipClass>Breen Battle Cruiser</ShipClass>
      <Faction>Dominion</Faction>
      <Attack>3</Attack>
      <Agility>2</Agility>
      <Hull>4</Hull>
      <Shield>4</Shield>
      <Ability>Although you must be Target Locked on a ship to fire a Torpedo at it, you do not need to discard your Target Lock when doing so.</Ability>
      <Cost>26</Cost>
      <EvasiveManeuvers>1</EvasiveManeuvers>
      <TargetLock>1</TargetLock>
      <Scan>1</Scan>
      <Battlestations>
      </Battlestations>
      <Cloak>
      </Cloak>
      <SensorEcho>
      </SensorEcho>
      <Tech>
      </Tech>
      <Weapon>4</Weapon>
      <Crew>1</Crew>
      <Id>1021</Id>
      <Set>71128</Set>
    </Ship>
    <Ship>
      <Title>Breen Battle Cruiser</Title>
      <Unique>N</Unique>
      <ShipClass>Breen Battle Cruiser</ShipClass>
      <Faction>Dominion</Faction>
      <Attack>3</Attack>
      <Agility>2</Agility>
      <Hull>4</Hull>
      <Shield>3</Shield>
      <Ability>
      </Ability>
      <Cost>24</Cost>
      <EvasiveManeuvers>1</EvasiveManeuvers>
      <TargetLock>1</TargetLock>
      <Scan>1</Scan>
      <Battlestations>
      </Battlestations>
      <Cloak>
      </Cloak>
      <SensorEcho>
      </SensorEcho>
      <Tech>
      </Tech>
      <Weapon>3</Weapon>
      <Crew>1</Crew>
      <Id>1022</Id>
      <Set>71128</Set>
    </Ship>
    <Ship>
      <Title>Krayton</Title>
      <Unique>Y</Unique>
      <ShipClass>D'Kora</ShipClass>
      <Faction>Ferengi</Faction>
      <Attack>3</Attack>
      <Agility>1</Agility>
      <Hull>4</Hull>
      <Shield>3</Shield>
      <Ability>ACTION: Disable 1 of your Active Shields to gain +1 attack die this round. You may re-roll all of your blank results once.</Ability>
      <Cost>22</Cost>
      <EvasiveManeuvers>1</EvasiveManeuvers>
      <TargetLock>1</TargetLock>
      <Scan>1</Scan>
      <Battlestations>
      </Battlestations>
      <Cloak>
      </Cloak>
      <SensorEcho>
      </SensorEcho>
      <Tech>1</Tech>
      <Weapon>2</Weapon>
      <Crew>1</Crew>
      <Id>1023</Id>
      <Set>OP1Prize</Set>
    </Ship>
    <Ship>
      <Title>Ferengi Marauder</Title>
      <Unique>N</Unique>
      <ShipClass>D'Kora</ShipClass>
      <Faction>Ferengi</Faction>
      <Attack>3</Attack>
      <Agility>1</Agility>
      <Hull>4</Hull>
      <Shield>2</Shield>
      <Ability>
      </Ability>
      <Cost>20</Cost>
      <EvasiveManeuvers>1</EvasiveManeuvers>
      <TargetLock>1</TargetLock>
      <Scan>1</Scan>
      <Battlestations>
      </Battlestations>
      <Cloak>
      </Cloak>
      <SensorEcho>
      </SensorEcho>
      <Tech>1</Tech>
      <Weapon>1</Weapon>
      <Crew>1</Crew>
      <Id>1024</Id>
      <Set>OP1Prize</Set>
    </Ship>
    <Ship>
      <Title>Deep Space 9 (Federation)</Title>
      <Unique>Y</Unique>
      <ShipClass>Nor Class Orbital Space Station</ShipClass>
      <Faction>Federation</Faction>
      <Attack>5</Attack>
      <Agility>0</Agility>
      <Hull>8</Hull>
      <Shield>8</Shield>
      <Ability>Same as Bajoran version. This is a workaround until I get multi-faction working.</Ability>
      <Cost>44</Cost>
      <EvasiveManeuvers>
      </EvasiveManeuvers>
      <TargetLock>1</TargetLock>
      <Scan>1</Scan>
      <Battlestations>1</Battlestations>
      <Cloak>
      </Cloak>
      <SensorEcho>
      </SensorEcho>
      <Tech>
      </Tech>
      <Weapon>3</Weapon>
      <Crew>3</Crew>
      <Id>1025</Id>
      <Set>OP1Participation</Set>
    </Ship>
    <Ship>
      <Title>Deep Space 9 (Bajoran)</Title>
      <Unique>Y</Unique>
      <ShipClass>Nor Class Orbital Space Station</ShipClass>
      <Faction>Bajoran</Faction>
      <Attack>5</Attack>
      <Agility>0</Agility>
      <Hull>8</Hull>
      <Shield>8</Shield>
      <Ability>Same as Federation version. This is a workaround until I get multi-faction working.</Ability>
      <Cost>44</Cost>
      <EvasiveManeuvers>
      </EvasiveManeuvers>
      <TargetLock>1</TargetLock>
      <Scan>1</Scan>
      <Battlestations>1</Battlestations>
      <Cloak>
      </Cloak>
      <SensorEcho>
      </SensorEcho>
      <Tech>
      </Tech>
      <Weapon>3</Weapon>
      <Crew>3</Crew>
      <Id>1026</Id>
      <Set>OP1Participation</Set>
    </Ship>
    <Ship>
      <Title>Abandoned Space Station</Title>
      <Unique>N</Unique>
      <ShipClass>Nor Class Orbital Space Station</ShipClass>
      <Faction>Independent</Faction>
      <Attack>5</Attack>
      <Agility>0</Agility>
      <Hull>8</Hull>
      <Shield>7</Shield>
      <Ability>
      </Ability>
      <Cost>42</Cost>
      <EvasiveManeuvers>
      </EvasiveManeuvers>
      <TargetLock>1</TargetLock>
      <Scan>1</Scan>
      <Battlestations>1</Battlestations>
      <Cloak>
      </Cloak>
      <SensorEcho>
      </SensorEcho>
      <Tech>
      </Tech>
      <Weapon>2</Weapon>
      <Crew>2</Crew>
      <Id>1027</Id>
      <Set>OP1Participation</Set>
    </Ship>
    <Ship>
      <Title>I.K.S. Ch'tang</Title>
      <Unique>Y</Unique>
      <ShipClass>B'Rel Class</ShipClass>
      <Faction>Klingon</Faction>
      <Attack>4</Attack>
      <Agility>1</Agility>
      <Hull>3</Hull>
      <Shield>3</Shield>
      <Ability>If you initiate an attack while cloaked, you may choose any number of your attack dice and re-roll them once.</Ability>
      <Cost>22</Cost>
      <EvasiveManeuvers>1</EvasiveManeuvers>
      <TargetLock>1</TargetLock>
      <Scan></Scan>
      <Battlestations></Battlestations>
      <Cloak>1</Cloak>
      <SensorEcho>1</SensorEcho>
      <Tech>1</Tech>
      <Weapon>2</Weapon>
      <Crew>1</Crew>
      <Id>1028</Id>
      <Set>OP2Prize</Set>
    </Ship>
    <Ship>
      <Title>Klingon B'Rel</Title>
      <Unique>N</Unique>
      <ShipClass>B'Rel Class</ShipClass>
      <Faction>Klingon</Faction>
      <Attack>4</Attack>
      <Agility>1</Agility>
      <Hull>3</Hull>
      <Shield>2</Shield>
      <Ability>
      </Ability>
      <Cost>20</Cost>
      <EvasiveManeuvers>1</EvasiveManeuvers>
      <TargetLock>1</TargetLock>
      <Scan></Scan>
      <Battlestations></Battlestations>
      <Cloak>1</Cloak>
      <SensorEcho>1</SensorEcho>
      <Tech></Tech>
      <Weapon>2</Weapon>
      <Crew>1</Crew>
      <Id>1029</Id>
      <Set>OP2Prize</Set>
    </Ship>

    <Ship>
      <Title>U.S.S. Defiant</Title>
      <Unique>Y</Unique>
      <ShipClass>Defiant Class</ShipClass>
      <Faction>Federation</Faction>
      <Attack>3</Attack>
      <Agility>2</Agility>
      <Hull>3</Hull>
      <Shield>4</Shield>
      <Ability>When defending, convert all of your opponent's [CRITICAL] results into [HIT] results.
      </Ability>
      <Cost>24</Cost>
      <EvasiveManeuvers>1</EvasiveManeuvers>
      <TargetLock>1</TargetLock>
      <Scan>1</Scan>
      <Battlestations>1</Battlestations>
      <Cloak></Cloak>
      <SensorEcho></SensorEcho>
      <Tech>1</Tech>
      <Weapon>2</Weapon>
      <Crew>2</Crew>
      <Id>1030</Id>
      <Set>71268</Set>
    </Ship>
    <Ship>
      <Title>Federation Defiant</Title>
      <Unique>N</Unique>
      <ShipClass>Defiant Class</ShipClass>
      <Faction>Federation</Faction>
      <Attack>3</Attack>
      <Agility>2</Agility>
      <Hull>3</Hull>
      <Shield>3</Shield>
      <Ability></Ability>
      <Cost>22</Cost>
      <EvasiveManeuvers>1</EvasiveManeuvers>
      <TargetLock>1</TargetLock>
      <Scan>1</Scan>
      <Battlestations>1</Battlestations>
      <Cloak></Cloak>
      <SensorEcho></SensorEcho>
      <Tech>1</Tech>
      <Weapon>2</Weapon>
      <Crew>1</Crew>
      <Id>1031</Id>
      <Set>71268</Set>
    </Ship>
    <Ship>
      <Title>I.K.S. Kronos One</Title>
      <Unique>Y</Unique>
      <ShipClass>K'T'Inga Class</ShipClass>
      <Faction>Klingon</Faction>
      <Attack>4</Attack>
      <Agility>1</Agility>
      <Hull>4</Hull>
      <Shield>3</Shield>
      <Ability>Any ship attacking you at Range 3 rolls 1 less attack die.</Ability>
      <Cost>24</Cost>
      <EvasiveManeuvers>1</EvasiveManeuvers>
      <TargetLock>1</TargetLock>
      <Scan></Scan>
      <Battlestations></Battlestations>
      <Cloak>1</Cloak>
      <SensorEcho>1</SensorEcho>
      <Tech></Tech>
      <Weapon>2</Weapon>
      <Crew>2</Crew>
      <Id>1032</Id>
      <Set>71269</Set>
    </Ship>
    <Ship>
      <Title>Klingon K'T'Inga</Title>
      <Unique>N</Unique>
      <ShipClass>K'T'Inga Class</ShipClass>
      <Faction>Klingon</Faction>
      <Attack>4</Attack>
      <Agility>1</Agility>
      <Hull>4</Hull>
      <Shield>2</Shield>
      <Ability></Ability>
      <Cost>22</Cost>
      <EvasiveManeuvers>1</EvasiveManeuvers>
      <TargetLock>1</TargetLock>
      <Scan></Scan>
      <Battlestations></Battlestations>
      <Cloak>1</Cloak>
      <SensorEcho>1</SensorEcho>
      <Tech></Tech>
      <Weapon>2</Weapon>
      <Crew>1</Crew>
      <Id>1033</Id>
      <Set>71269</Set>
    </Ship>
    <Ship>
      <Title>I.R.W. Praetus</Title>
      <Unique>Y</Unique>
      <ShipClass>Romulan Bird-Of-Prey Class</ShipClass>
      <Faction>Romulan</Faction>
      <Attack>2</Attack>
      <Agility>2</Agility>
      <Hull>3</Hull>
      <Shield>0</Shield>
      <Ability>You may use the [CLOAK] Action even if you have no Active Shields. Whenever you choose the [CLOACK] Action, roll 1 attack die. On a [BATTLESTATIONS] result, your Hull sustains 1 Damage.</Ability>
      <Cost>14</Cost>
      <EvasiveManeuvers>1</EvasiveManeuvers>
      <TargetLock>1</TargetLock>
      <Scan></Scan>
      <Battlestations></Battlestations>
      <Cloak>1</Cloak>
      <SensorEcho>1</SensorEcho>
      <Tech>2</Tech>
      <Weapon>1</Weapon>
      <Crew>0</Crew>
      <Id>1034</Id>
      <Set>71270</Set>
    </Ship>
    <Ship>
      <Title>Romulan Bird-Of-Prey</Title>
      <Unique>N</Unique>
      <ShipClass>Romulan Bird-Of-Prey Class</ShipClass>
      <Faction>Romulan</Faction>
      <Attack>2</Attack>
      <Agility>2</Agility>
      <Hull>3</Hull>
      <Shield>0</Shield>
      <Ability></Ability>
      <Cost>14</Cost>
      <EvasiveManeuvers>1</EvasiveManeuvers>
      <TargetLock>1</TargetLock>
      <Scan></Scan>
      <Battlestations></Battlestations>
      <Cloak></Cloak>
      <SensorEcho></SensorEcho>
      <Tech>1</Tech>
      <Weapon>0</Weapon>
      <Crew>0</Crew>
      <Id>1035</Id>
      <Set>71270</Set>
    </Ship>
    <Ship>
      <Title>5th Wing Patrol Ship</Title>
      <Unique>Y</Unique>
      <ShipClass>Jem'Hadar Attack Ship</ShipClass>
      <Faction>Dominion</Faction>
      <Attack>3</Attack>
      <Agility>2</Agility>
      <Hull>3</Hull>
      <Shield>3</Shield>
      <Ability>ACTION: When attacking this round, gain +1 attack die. When defending this round, roll one less defense die.</Ability>
      <Cost>22</Cost>
      <EvasiveManeuvers>1</EvasiveManeuvers>
      <TargetLock>1</TargetLock>
      <Scan>1</Scan>
      <Battlestations>1</Battlestations>
      <Cloak></Cloak>
      <SensorEcho></SensorEcho>
      <Tech>1</Tech>
      <Weapon>2</Weapon>
      <Crew>1</Crew>
      <Id>1036</Id>
      <Set>71271</Set>
    </Ship>
    <Ship>
      <Title>Jem'Hadar Attack Ship</Title>
      <Unique>N</Unique>
      <ShipClass>Jem'Hadar Attack Ship</ShipClass>
      <Faction>Dominion</Faction>
      <Attack>3</Attack>
      <Agility>2</Agility>
      <Hull>3</Hull>
      <Shield>2</Shield>
      <Ability></Ability>
      <Cost>20</Cost>
      <EvasiveManeuvers>1</EvasiveManeuvers>
      <TargetLock>1</TargetLock>
      <Scan>1</Scan>
      <Battlestations>1</Battlestations>
      <Cloak></Cloak>
      <SensorEcho></SensorEcho>
      <Tech>1</Tech>
      <Weapon>1</Weapon>
      <Crew>1</Crew>
      <Id>1037</Id>
      <Set>71271</Set>
    </Ship>

  </Ships>
  <Captains>
    <Captain>
      <Title>Jean-Luc Picard</Title>
      <Ability>Each round you may perform one of the following actions as a free action: [EVASIVE] [TARGET LOCK] [SCAN] [BATTLESTATIONS]. You may use this action even if your ship does not have it in the Action bar. </Ability>
      <Unique>Y</Unique>
      <Skill>9</Skill>
      <Talent>1</Talent>
      <Attack>
      </Attack>
      <Range>
      </Range>
      <Type>Captain</Type>
      <Faction>Federation</Faction>
      <Cost>6</Cost>
      <Id>2001</Id>
      <Set>71120</Set>
    </Captain>
    <Captain>
      <Title>William T. Riker</Title>
      <Unique>Y</Unique>
      <Ability>ACTION: If you are attacked this round at Range 1, Roll 2 attack dice. Any [DAMAGE] or [CRITICAL] result damages the attacking ship as normal, even if your ship is destroyed by their attack. The attacking ship does not roll any defense dice. </Ability>
      <Skill>6</Skill>
      <Talent>
      </Talent>
      <Attack>
      </Attack>
      <Range>
      </Range>
      <Type>Captain</Type>
      <Faction>Federation</Faction>
      <Cost>4</Cost>
      <Id>2002</Id>
      <Set>71120</Set>
    </Captain>
    <Captain>
      <Title>Federation Captain</Title>
      <Ability>
      </Ability>
      <Skill>1</Skill>
      <Talent>
      </Talent>
      <Attack>
      </Attack>
      <Range>
      </Range>
      <Type>Captain</Type>
      <Faction>Federation</Faction>
      <Cost>0</Cost>
      <Id>2003</Id>
      <Set>71120,71121,71122</Set>
    </Captain>
    <Captain>
      <Title>Nu'Daq</Title>
      <Unique>Y</Unique>
      <Ability>When attacking, you may convert 1 [BATTLESTATIONS] result into a [DAMAGE] result. </Ability>
      <Skill>5</Skill>
      <Talent>
      </Talent>
      <Attack>
      </Attack>
      <Range>
      </Range>
      <Type>Captain</Type>
      <Faction>Klingon</Faction>
      <Cost>3</Cost>
      <Id>2004</Id>
      <Set>71120</Set>
    </Captain>
    <Captain>
      <Title>Klingon Captain</Title>
      <Ability>
      </Ability>
      <Skill>1</Skill>
      <Talent>
      </Talent>
      <Attack>
      </Attack>
      <Range>
      </Range>
      <Type>Captain</Type>
      <Faction>Klingon</Faction>
      <Cost>0</Cost>
      <Id>2005</Id>
      <Set>71120,71125,71126,OP2Prize,71269</Set>
    </Captain>
    <Captain>
      <Title>Toreth</Title>
      <Unique>Y</Unique>
      <Ability>When attacking, you may convert 1 [DAMAGE] result into a [CRITICAL] result. </Ability>
      <Skill>7</Skill>
      <Talent>1</Talent>
      <Attack>
      </Attack>
      <Range>
      </Range>
      <Type>Captain</Type>
      <Faction>Romulan</Faction>
      <Cost>4</Cost>
      <Id>2006</Id>
      <Set>71120</Set>
    </Captain>
    <Captain>
      <Title>Romulan Captain</Title>
      <Ability>
      </Ability>
      <Skill>1</Skill>
      <Talent>
      </Talent>
      <Attack>
      </Attack>
      <Range>
      </Range>
      <Type>Captain</Type>
      <Faction>Romulan</Faction>
      <Cost>0</Cost>
      <Id>2007</Id>
      <Set>71120,71123,71124,71270</Set>
    </Captain>
    <Captain>
      <Title>Khan Singh</Title>
      <Unique>Y</Unique>
      <Ability>You may use any Upgrades without paying a faction penalty. During an attack, if you spend a [BATTLESTATIONS] Token, each of your [BATTLESTATIONS] results become a [CRITICAL] instead of a [DAMAGE]. </Ability>
      <Skill>8</Skill>
      <Talent>1</Talent>
      <Attack>
      </Attack>
      <Range>
      </Range>
      <Type>Captain</Type>
      <Faction>Independent</Faction>
      <Cost>5</Cost>
      <Special>UpgradesIgnoreFactionPenalty</Special>
      <Id>2008</Id>
      <Set>71121</Set>
    </Captain>
    <Captain>
      <Title>Khan Singh</Title>
      <Unique>Y</Unique>
      <Ability>(Gen-Con Promo) You do not pay a Faction penalty when assigning Khan or any Talent Upgrade to your ship. If any Captain in play has a higher Skill Number than Khan, Khan's Skill Number equals that Captains Skill Number.</Ability>
      <Skill>6</Skill>
      <Talent>1</Talent>
      <Attack>
      </Attack>
      <Range>
      </Range>
      <Type>Captain</Type>
      <Faction>Independent</Faction>
      <Cost>4</Cost>
      <Special>CaptainAndTalentsIgnoreFactionPenalty</Special>
      <Id>2009</Id>
      <Set>GenCon2013Promo</Set>
    </Captain>
    <Captain>
      <Title>Clark Terell</Title>
      <Unique>Y</Unique>
      <Ability>Any friendly ship within Range 1 of your ship gains +1 defense die. </Ability>
      <Skill>2</Skill>
      <Talent>
      </Talent>
      <Attack>
      </Attack>
      <Range>
      </Range>
      <Type>Captain</Type>
      <Faction>Federation</Faction>
      <Cost>1</Cost>
      <Id>2010</Id>
      <Set>71121</Set>
    </Captain>
    <Captain>
      <Title>James T. Kirk</Title>
      <Unique>Y</Unique>
      <Ability>Any Federation [TALENT] Upgrades you purchase for Kirk cost exactly 3 Squadron Points and are placed face down beside his card. Each Talent remains face down until you decide to use it, and then it is turned face up for the rest of the game. </Ability>
      <Skill>9</Skill>
      <Talent>2</Talent>
      <Attack>
      </Attack>
      <Range>
      </Range>
      <Type>Captain</Type>
      <Faction>Federation</Faction>
      <Cost>6</Cost>
      <Special>BaselineTalentCostToThree</Special>
      <Id>2011</Id>
      <Set>71122</Set>
    </Captain>
    <Captain>
      <Title>Christopher Pike</Title>
      <Unique>Y</Unique>
      <Ability>All of your [CREW] Upgrades cost -1 Squadron Point. </Ability>
      <Skill>6</Skill>
      <Talent>1</Talent>
      <Attack>
      </Attack>
      <Range>
      </Range>
      <Type>Captain</Type>
      <Faction>Federation</Faction>
      <Cost>4</Cost>
      <Special>CrewUpgradesCostOneLess</Special>
      <Id>2012</Id>
      <Set>71122</Set>
    </Captain>
    <Captain>
      <Title>Donatra</Title>
      <Unique>Y</Unique>
      <Ability>All other friendly ships within Range 1 of your ship gains +1 attack die. </Ability>
      <Skill>6</Skill>
      <Talent>1</Talent>
      <Attack>
      </Attack>
      <Range>
      </Range>
      <Type>Captain</Type>
      <Faction>Romulan</Faction>
      <Cost>4</Cost>
      <Id>2013</Id>
      <Set>71123</Set>
    </Captain>
    <Captain>
      <Unique>Y</Unique>
      <Title>Tomalak</Title>
      <Ability>When firing at Range 3 the defending ship does not roll an extra defense die.</Ability>
      <Skill>3</Skill>
      <Talent>
      </Talent>
      <Attack>
      </Attack>
      <Range>
      </Range>
      <Type>Captain</Type>
      <Faction>Romulan</Faction>
      <Cost>2</Cost>
      <Id>2014</Id>
      <Set>71123</Set>
    </Captain>
    <Captain>
      <Title>Mirok</Title>
      <Unique>Y</Unique>
      <Ability>After you move, if at least one friendly ship is within Range 1 of your ship, repair 1 damage to your Hull or Shields. </Ability>
      <Skill>4</Skill>
      <Talent>
      </Talent>
      <Attack>
      </Attack>
      <Range>
      </Range>
      <Type>Captain</Type>
      <Faction>Romulan</Faction>
      <Cost>2</Cost>
      <Id>2015</Id>
      <Set>71124</Set>
    </Captain>
    <Captain>
      <Title>Koloth</Title>
      <Unique>Y</Unique>
      <Ability>Each time an enemy ship attacks you, you may force that ship to re-roll 1 attack die of your choice. </Ability>
      <Skill>7</Skill>
      <Talent>1</Talent>
      <Attack>
      </Attack>
      <Range>
      </Range>
      <Type>Captain</Type>
      <Faction>Klingon</Faction>
      <Cost>4</Cost>
      <Id>2016</Id>
      <Set>71125</Set>
    </Captain>
    <Captain>
      <Title>Krell</Title>
      <Unique>Y</Unique>
      <Ability>When attacking, you may re-roll 1 of your [BATTLE STATIONS] results. </Ability>
      <Skill>4</Skill>
      <Talent>
      </Talent>
      <Attack>
      </Attack>
      <Range>
      </Range>
      <Type>Captain</Type>
      <Faction>Klingon</Faction>
      <Cost>2</Cost>
      <Id>2017</Id>
      <Set>71125</Set>
    </Captain>
    <Captain>
      <Title>Martok</Title>
      <Unique>Y</Unique>
      <Ability>After you move, choose 1 friendly ship within Range 1-2 whose Captain has a lower Skill than Martok's. The chosen ship may immediately perform 1 free Action. </Ability>
      <Skill>8</Skill>
      <Talent>1</Talent>
      <Attack>
      </Attack>
      <Range>
      </Range>
      <Type>Captain</Type>
      <Faction>Klingon</Faction>
      <Cost>5</Cost>
      <Id>2018</Id>
      <Set>71126</Set>
    </Captain>
    <Captain>
      <Title>Gowron</Title>
      <Unique>Y</Unique>
      <Ability>ACTION: All other friendly Klingon ships within Range 1-2 of your ship gain +1 attack die this round. </Ability>
      <Skill>6</Skill>
      <Talent>
      </Talent>
      <Attack>
      </Attack>
      <Range>
      </Range>
      <Type>Captain</Type>
      <Faction>Klingon</Faction>
      <Cost>4</Cost>
      <Id>2019</Id>
      <Set>71126</Set>
    </Captain>
    <Captain>
      <Title>Gul Ranor</Title>
      <Unique>Y</Unique>
      <Ability>ACTION: Perform an additional 1 [STRAIGHT] or 2 [STRAIGHT] maneuver. Place an Auxiliary Power Token next to your ship. </Ability>
      <Skill>5</Skill>
      <Talent>
      </Talent>
      <Attack>
      </Attack>
      <Range>
      </Range>
      <Type>Captain</Type>
      <Faction>Dominion</Faction>
      <Cost>3</Cost>
      <Id>2020</Id>
      <Set>71127</Set>
    </Captain>
    <Captain>
      <Title>Gul Danar</Title>
      <Unique>Y</Unique>
      <Ability>When attacking, you may re-roll 1 blank result. </Ability>
      <Skill>3</Skill>
      <Talent>
      </Talent>
      <Attack>
      </Attack>
      <Range>
      </Range>
      <Type>Captain</Type>
      <Faction>Dominion</Faction>
      <Cost>2</Cost>
      <Id>2021</Id>
      <Set>71127</Set>
    </Captain>
    <Captain>
      <Title>Cardassian Captain</Title>
      <Ability>
      </Ability>
      <Skill>1</Skill>
      <Talent>
      </Talent>
      <Attack>
      </Attack>
      <Range>
      </Range>
      <Type>Captain</Type>
      <Faction>Dominion</Faction>
      <Cost>0</Cost>
      <Id>2022</Id>
      <Set>71127</Set>
    </Captain>
    <Captain>
      <Title>Thot Gor</Title>
      <Unique>Y</Unique>
      <Ability>All your [WEAPON] Upgrades cost -1 Squadron Point. </Ability>
      <Skill>6</Skill>
      <Talent>
      </Talent>
      <Attack>
      </Attack>
      <Range>
      </Range>
      <Type>Captain</Type>
      <Faction>Dominion</Faction>
      <Cost>4</Cost>
      <Special>WeaponUpgradesCostOneLess</Special>
      <Id>2023</Id>
      <Set>71128</Set>
    </Captain>
    <Captain>
      <Title>Sar</Title>
      <Unique>Y</Unique>
      <Ability>When defending, your ship rolls 1 extra defense die. </Ability>
      <Skill>2</Skill>
      <Talent>
      </Talent>
      <Attack>
      </Attack>
      <Range>
      </Range>
      <Type>Captain</Type>
      <Faction>Dominion</Faction>
      <Cost>1</Cost>
      <Id>2024</Id>
      <Set>71128</Set>
    </Captain>
    <Captain>
      <Title>Breen Captain</Title>
      <Ability>
      </Ability>
      <Skill>1</Skill>
      <Talent>
      </Talent>
      <Attack>
      </Attack>
      <Range>
      </Range>
      <Type>Captain</Type>
      <Faction>Dominion</Faction>
      <Cost>0</Cost>
      <Id>2025</Id>
      <Set>71128</Set>
    </Captain>
    <Captain>
      <Title>Daimon Tog</Title>
      <Ability>ACTION: If your ship is not Cloaked, disable all of your remaining Shields and target a ship at Range 1-2 that is not Cloaked and has no Active Shields. Disable 1 of your non-disabled Crew Upgrades and then disable 1 Crew Upgrade of your choice on the target ship.</Ability>
      <Unique>Y</Unique>
      <Skill>5</Skill>
      <Talent>1</Talent>
      <Attack>
      </Attack>
      <Range>
      </Range>
      <Type>Captain</Type>
      <Faction>Ferengi</Faction>
      <Cost>3</Cost>
      <Id>2026</Id>
      <Set>OP1Prize</Set>
    </Captain>
    <Captain>
      <Title>Ferengi Captain</Title>
      <Ability>
      </Ability>
      <Unique>N</Unique>
      <Skill>1</Skill>
      <Talent>
      </Talent>
      <Attack>
      </Attack>
      <Range>
      </Range>
      <Type>Captain</Type>
      <Faction>Ferengi</Faction>
      <Cost>0</Cost>
      <Id>2027</Id>
      <Set>OP1Prize</Set>
    </Captain>
    <Captain>
      <Title>Martok</Title>
      <Ability>ACTION: Target all friendly ships within Range 1 of your ship whose Captains have a lower Skill than Martok's. The target ships gain +1 attack die and may re-roll 1 of their attack dice this round.
      </Ability>
      <Unique>Y</Unique>
      <Skill>9</Skill>
      <Talent>1</Talent>
      <Attack>
      </Attack>
      <Range>
      </Range>
      <Type>Captain</Type>
      <Faction>Klingon</Faction>
      <Cost>6</Cost>
      <Id>2028</Id>
      <Set>OP2Prize</Set>
    </Captain>
    <Captain>
      <Title>Benjamin Sisko</Title>
      <Ability>Once per round, you may re-roll any one of your attack or defense dice.</Ability>
      <Unique>Y</Unique>
      <Skill>6</Skill>
      <Talent>1</Talent>
      <Attack>
      </Attack>
      <Range>
      </Range>
      <Type>Captain</Type>
      <Faction>Federation</Faction>
      <Cost>4</Cost>
      <Id>2029</Id>
      <Set>71268</Set>
    </Captain>
    <Captain>
      <Title>Kira Nerys</Title>
      <Ability>If a [CREW] Upgrade on an enemy ship would cause your ship to discard or disable any of your Upgrades, roll 2 defense dice. If you rol at least 1 [EVADE] result, ignore the effects of the enemy Upgrade. You do not pay a Faction penalty when assigning Kira Nerys to a Federation ship.</Ability>
      <Unique>Y</Unique>
      <Skill>3</Skill>
      <Talent>
      </Talent>
      <Attack>
      </Attack>
      <Range>
      </Range>
      <Type>Captain</Type>
      <Faction>Bajoran</Faction>
      <Cost>4</Cost>
      <Id>2030</Id>
      <Set>71268</Set>
      <Special>NoPenaltyOnFederationOrBajoranShip</Special>
    </Captain>
    <Captain>
      <Title>Gorkon</Title>
      <Ability>ACTION: Disable Gorkon to perform this Action. Your ship and every ship that attacks you this round rolls 2 less attack dice.</Ability>
      <Unique>Y</Unique>
      <Skill>5</Skill>
      <Talent>
      </Talent>
      <Attack>
      </Attack>
      <Range>
      </Range>
      <Type>Captain</Type>
      <Faction>Klingon</Faction>
      <Cost>3</Cost>
      <Id>2031</Id>
      <Set>71269</Set>
      <Special></Special>
    </Captain>
    <Captain>
      <Title>Chang</Title>
      <Ability>ACTION: Spend your target lock to perform this action. Disable the Captain Card on the ship that was target locked.</Ability>
      <Unique>Y</Unique>
      <Skill>6</Skill>
      <Talent>1</Talent>
      <Attack>
      </Attack>
      <Range>
      </Range>
      <Type>Captain</Type>
      <Faction>Klingon</Faction>
      <Cost>4</Cost>
      <Id>2032</Id>
      <Set>71269</Set>
      <Special></Special>
    </Captain>
    <Captain>
      <Title>Valdore</Title>
      <Ability>When attacking, if your ship is not in the target ship's forward firing arc, add +1 attack die.</Ability>
      <Unique>Y</Unique>
      <Skill>5</Skill>
      <Talent></Talent>
      <Attack>
      </Attack>
      <Range>
      </Range>
      <Type>Captain</Type>
      <Faction>Romulan</Faction>
      <Cost>4</Cost>
      <Id>2033</Id>
      <Set>71270</Set>
      <Special></Special>
    </Captain>
    <Captain>
      <Title>Weyoun</Title>
      <Ability>Disable Weyoun to prevent 1 of your [CREW] Upgrades from being disabled or discarded this round.</Ability>
      <Unique>Y</Unique>
      <Skill>6</Skill>
      <Talent></Talent>
      <Attack>
      </Attack>
      <Range>
      </Range>
      <Type>Captain</Type>
      <Faction>Dominion</Faction>
      <Cost>4</Cost>
      <Id>2034</Id>
      <Set>71271</Set>
      <Special></Special>
    </Captain>
    <Captain>
      <Title>Luaran</Title>
      <Ability>One of your Dominion Upgrades costs -2 Squadron Points.</Ability>
      <Unique>Y</Unique>
      <Skill>3</Skill>
      <Talent></Talent>
      <Attack>
      </Attack>
      <Range>
      </Range>
      <Type>Captain</Type>
      <Faction>Dominion</Faction>
      <Cost>2</Cost>
      <Id>2035</Id>
      <Set>71271</Set>
      <Special>OneDominionUpgradeCostsMinusTwo</Special>
    </Captain>
    <Captain>
      <Title>Dominion Captain</Title>
      <Unique>N</Unique>
      <Ability>
      </Ability>
      <Skill>1</Skill>
      <Talent>
      </Talent>
      <Attack>
      </Attack>
      <Range>
      </Range>
      <Type>Captain</Type>
      <Faction>Dominion</Faction>
      <Cost>0</Cost>
      <Id>2036</Id>
      <Set>71271</Set>
    </Captain>    

  </Captains>
  <Upgrades>
    <Upgrade>
      <Title>Engage</Title>
      <Ability>ACTION: If you performed a Green Maneuver this round, you may immediately perform an additional Green Maneuver of your choice. Place an Auxiliary Power Token besides your ship. </Ability>
      <Skill>
      </Skill>
      <Talent>
      </Talent>
      <Attack>
      </Attack>
      <Range>
      </Range>
      <Type>Talent</Type>
      <Faction>Federation</Faction>
      <Cost>3</Cost>
      <Id>3001</Id>
      <Set>71120</Set>
    </Upgrade>
    <Upgrade>
      <Title>Worf</Title>
      <Unique>Y</Unique>
      <Ability>Disable this card to re-roll your entire attack roll. You must re-roll all of the dice and keep the results of the second roll. </Ability>
      <Skill>
      </Skill>
      <Talent>
      </Talent>
      <Attack>
      </Attack>
      <Range>
      </Range>
      <Type>Crew</Type>
      <Faction>Federation</Faction>
      <Cost>3</Cost>
      <Id>3002</Id>
      <Set>71120</Set>
    </Upgrade>
    <Upgrade>
      <Title>Miles O'Brien</Title>
      <Unique>Y</Unique>
      <Ability>ACTION: Discard this card to disable any 1 Upgrade on another ship at Range 1-3. This ability may be used against a ship that is Cloaked. </Ability>
      <Skill>
      </Skill>
      <Talent>
      </Talent>
      <Attack>
      </Attack>
      <Range>
      </Range>
      <Type>Crew</Type>
      <Faction>Federation</Faction>
      <Cost>2</Cost>
      <Id>3003</Id>
      <Set>71120</Set>
    </Upgrade>
    <Upgrade>
      <Title>Geordi LaForge</Title>
      <Unique>Y</Unique>
      <Ability>If your ship has a [SCAN] Token beside it, you may force one ship you attacked this round to re-roll one defense die of your choice. </Ability>
      <Skill>
      </Skill>
      <Talent>
      </Talent>
      <Attack>
      </Attack>
      <Range>
      </Range>
      <Type>Crew</Type>
      <Faction>Federation</Faction>
      <Cost>4</Cost>
      <Id>3004</Id>
      <Set>71120</Set>
    </Upgrade>
    <Upgrade>
      <Title>Data</Title>
      <Unique>Y</Unique>
      <Ability>ACTION: Place 2 [EVASION] Tokens beside your ship and reduce our total attack dice by 2 this round. You cannot perform an [EVASION] Action this round, even as a free Action. </Ability>
      <Skill>
      </Skill>
      <Talent>
      </Talent>
      <Attack>
      </Attack>
      <Range>
      </Range>
      <Type>Crew</Type>
      <Faction>Federation</Faction>
      <Cost>3</Cost>
      <Id>3005</Id>
      <Set>71120</Set>
    </Upgrade>
    <Upgrade>
      <Title>Photon Torpedoes</Title>
      <Ability>ATTACK: [TARGET LOCK] Spend your target lock and disable this card to perform this attack. You may convert 1 [BATTLESTATIONS] result into 1 [CRITICAL] result. You may fire this weapon from your forward or rear firing arcs. </Ability>
      <Skill>
      </Skill>
      <Talent>
      </Talent>
      <Attack>5</Attack>
      <Range>2-3</Range>
      <Type>Weapon</Type>
      <Faction>Federation</Faction>
      <Cost>5</Cost>
      <Id>3006</Id>
      <Set>71120, 71268</Set>
    </Upgrade>
    <Upgrade>
      <Title>Antimatter Mines</Title>
      <Ability>ATTACK: Discard this card and place a Minefield Token in your rear firing arc at Range 1. If you place this token on a ship, or if a ship enters the minefield, roll 4 attack dice. Any [DAMAGE] or [CRITICAL] damages the ship as normal. The affected ship does not roll any defense dice. </Ability>
      <Skill>
      </Skill>
      <Talent>
      </Talent>
      <Attack>
      </Attack>
      <Range>
      </Range>
      <Type>Weapon</Type>
      <Faction>Federation</Faction>
      <Cost>5</Cost>
      <Id>3007</Id>
      <Set>71120</Set>
    </Upgrade>
    <Upgrade>
      <Title>Konmel</Title>
      <Unique>Y</Unique>
      <Ability>ACTION: If your ship is not Cloaked, you may repair 1 Shield Token. </Ability>
      <Skill>
      </Skill>
      <Talent>
      </Talent>
      <Attack>
      </Attack>
      <Range>
      </Range>
      <Type>Crew</Type>
      <Faction>Klingon</Faction>
      <Cost>4</Cost>
      <Id>3008</Id>
      <Set>71120</Set>
    </Upgrade>
    <Upgrade>
      <Title>Klag</Title>
      <Unique>Y</Unique>
      <Ability>ACTION: If your ship is not Cloaked, disable all your remaining Shields and target a ship at Range 1-2 that is not Cloaked and has no Active Shields. Discard Klag and one [CREW] Upgrade of your choice on the target ship. </Ability>
      <Skill>
      </Skill>
      <Talent>
      </Talent>
      <Attack>
      </Attack>
      <Range>
      </Range>
      <Type>Crew</Type>
      <Faction>Klingon</Faction>
      <Cost>1</Cost>
      <Id>3009</Id>
      <Set>71120</Set>
    </Upgrade>
    <Upgrade>
      <Title>Photon Torpedoes (Vor'cha Bonus)</Title>
      <Ability>ATTACK: [TARGET LOCK] Spend your target lock and disable this card to perform this attack. If fired from a Vor'cha class ship add +1 attack die. </Ability>
      <Skill>
      </Skill>
      <Talent>
      </Talent>
      <Attack>5</Attack>
      <Range>2-3</Range>
      <Type>Weapon</Type>
      <Faction>Klingon</Faction>
      <Cost>5</Cost>
      <Id>3010</Id>
      <Set>71120</Set>
    </Upgrade>
    <Upgrade>
      <Title>Tractor Beam</Title>
      <Ability>ACTION: Target a ship at Range 1 and roll 2 attack dice. For every [DAMAGE] result, that ship rolls 1 less defense die against your next attack. </Ability>
      <Skill>
      </Skill>
      <Talent>
      </Talent>
      <Attack>
      </Attack>
      <Range>
      </Range>
      <Type>Tech</Type>
      <Faction>Klingon</Faction>
      <Cost>3</Cost>
      <Id>3011</Id>
      <Set>71120</Set>
    </Upgrade>
    <Upgrade>
      <Title>Advanced Weapon System</Title>
      <Ability>When attacking, you may disable this card before rolling any dice to keep your [CLOAK] token from flipping to its red side. </Ability>
      <Skill>
      </Skill>
      <Talent>
      </Talent>
      <Attack>
      </Attack>
      <Range>
      </Range>
      <Type>Tech</Type>
      <Faction>Klingon</Faction>
      <Cost>5</Cost>
      <Id>3012</Id>
      <Set>71120</Set>
    </Upgrade>
    <Upgrade>
      <Title>Counter Attack</Title>
      <Ability>ACTION: If you ship's Shields or Hull are damaged by a ship in your forward firing arc this round, you may immediately make 1 free attack against that ship. You may not make this attack if your ship is destroyed. </Ability>
      <Skill>
      </Skill>
      <Talent>
      </Talent>
      <Attack>
      </Attack>
      <Range>
      </Range>
      <Type>Talent</Type>
      <Faction>Romulan</Faction>
      <Cost>3</Cost>
      <Id>3013</Id>
      <Set>71120</Set>
    </Upgrade>
    <Upgrade>
      <Title>N'Vek</Title>
      <Unique>Y</Unique>
      <Ability>ACTION: Disable 1 of your Active Shields in order to add +1 attack die this round. </Ability>
      <Skill>
      </Skill>
      <Talent>
      </Talent>
      <Attack>
      </Attack>
      <Range>
      </Range>
      <Type>Crew</Type>
      <Faction>Romulan</Faction>
      <Cost>2</Cost>
      <Id>3014</Id>
      <Set>71120</Set>
    </Upgrade>
    <Upgrade>
      <Title>Bochra</Title>
      <Unique>Y</Unique>
      <Ability>ACTION: If you ship is not Cloaked, disable all your remaining Shields and target a ship at Range 1-2 that is not Cloaked and has no Active Shields. Discard Bochra and one [CREW] Upgrade of your choice on the target ship. </Ability>
      <Skill>
      </Skill>
      <Talent>
      </Talent>
      <Attack>
      </Attack>
      <Range>
      </Range>
      <Type>Crew</Type>
      <Faction>Romulan</Faction>
      <Cost>1</Cost>
      <Id>3015</Id>
      <Set>71120</Set>
    </Upgrade>
    <Upgrade>
      <Title>Plasma Torpedoes</Title>
      <Ability>ATTACK: [TARGET LOCK] Spend your target lock and disable this card to perform this attack. You may re-roll all your blank results one time. You may fire this weapon from your forward or rear firing arcs. </Ability>
      <Skill>
      </Skill>
      <Talent>
      </Talent>
      <Attack>5</Attack>
      <Range>1-2</Range>
      <Type>Weapon</Type>
      <Faction>Romulan</Faction>
      <Cost>5</Cost>
      <Id>3016</Id>
      <Set>71120</Set>
    </Upgrade>
    <Upgrade>
      <Title>Artificial Quantum Singularity</Title>
      <Ability>While your ship is Cloaked, you may roll your full defense dice in spite of the presence of an opposing ship's [SCAN] Token. </Ability>
      <Skill>
      </Skill>
      <Talent>
      </Talent>
      <Attack>
      </Attack>
      <Range>
      </Range>
      <Type>Tech</Type>
      <Faction>Romulan</Faction>
      <Cost>3</Cost>
      <Id>3017</Id>
      <Set>71120</Set>
    </Upgrade>
    <Upgrade>
      <Title>I Stab at Thee</Title>
      <Ability>If your ship was just destroyed, roll 3 attack dice and inflict the resulting damage on all ships within Range 1 of your ship. These ships do not roll defense dice against this damage. </Ability>
      <Skill>
      </Skill>
      <Talent>
      </Talent>
      <Attack>
      </Attack>
      <Range>
      </Range>
      <Type>Talent</Type>
      <Faction>Independent</Faction>
      <Cost>3</Cost>
      <Id>3018</Id>
      <Set>71121</Set>
    </Upgrade>
    <Upgrade>
      <Title>Superior Intellect</Title>
      <Ability>ACTION: Discard this card to target a ship at Range 1-2 that is not Cloaked and has no Active Shields. Steal 1 faceup Upgrade Card of your choice from that ship, even if the Upgrade exceeds your ship's restriction. </Ability>
      <Skill>
      </Skill>
      <Talent>
      </Talent>
      <Attack>
      </Attack>
      <Range>
      </Range>
      <Type>Talent</Type>
      <Faction>Independent</Faction>
      <Cost>5</Cost>
      <Id>3019</Id>
      <Set>71121</Set>
    </Upgrade>
    <Upgrade>
      <Title>Kyle</Title>
      <Unique>Y</Unique>
      <Ability>ACTION: If you performed a Green Maneuver this round, repair 1 Shield Token and reduce your total attack dice by 2 this round. </Ability>
      <Skill>
      </Skill>
      <Talent>
      </Talent>
      <Attack>
      </Attack>
      <Range>
      </Range>
      <Type>Crew</Type>
      <Faction>Federation</Faction>
      <Cost>2</Cost>
      <Id>3020</Id>
      <Set>71121</Set>
    </Upgrade>
    <Upgrade>
      <Title>Pavel Chekov</Title>
      <Unique>Y</Unique>
      <Ability>Your ship can remove 1 Auxiliary Power Token after performing a White Maneuver. </Ability>
      <Skill>
      </Skill>
      <Talent>
      </Talent>
      <Attack>
      </Attack>
      <Range>
      </Range>
      <Type>Crew</Type>
      <Faction>Federation</Faction>
      <Cost>3</Cost>
      <Id>3021</Id>
      <Set>71121</Set>
    </Upgrade>
    <Upgrade>
      <Title>Follower of Khan</Title>
      <Ability>ACTION: If your ship is not Cloaked, disable all your remaining Shields and target a ship at Range 1-2 that is not Cloaked and has no Active Shields. Discard this card and one [CREW] Upgrade of your choice on the target ship. </Ability>
      <Skill>
      </Skill>
      <Talent>
      </Talent>
      <Attack>
      </Attack>
      <Range>
      </Range>
      <Type>Crew</Type>
      <Faction>Independent</Faction>
      <Cost>1</Cost>
      <Id>3022</Id>
      <Set>71121</Set>
    </Upgrade>
    <Upgrade>
      <Title>Joachim</Title>
      <Unique>Y</Unique>
      <Ability>Each time you inflict a [CRITICAL] on an enemy ship's Hull, you may draw 2 Damage Cards (instead of 1) and choose which one to place beside the enemy's Ship Card, discard the unused Damage Card. </Ability>
      <Skill>
      </Skill>
      <Talent>
      </Talent>
      <Attack>
      </Attack>
      <Range>
      </Range>
      <Type>Crew</Type>
      <Faction>Independent</Faction>
      <Cost>4</Cost>
      <Id>3023</Id>
      <Set>71121</Set>
    </Upgrade>
    <Upgrade>
      <Title>Photon Torpedoes</Title>
      <Ability>ATTACK: [TARGET LOCK] Spend your target lock and disable this card to perform this attack. You may convert 1 [BATTLESTATIONS] result into 1 [CRITICAL] result. You may fire this weapon from your forward or rear firing arcs. </Ability>
      <Skill>
      </Skill>
      <Talent>
      </Talent>
      <Attack>4</Attack>
      <Range>2-3</Range>
      <Type>Weapon</Type>
      <Faction>Federation</Faction>
      <Cost>3</Cost>
      <Id>3024</Id>
      <Set>71121,71122</Set>
    </Upgrade>
    <Upgrade>
      <Title>Cheat Death</Title>
      <Ability>If your ship was just destroyed, discard this card to remove Damage Cards one at a time from your Ship Card until the amount of damage is 1 point less than your Hull Value. Flip all remaining Damage Cards face down. </Ability>
      <Skill>
      </Skill>
      <Talent>
      </Talent>
      <Attack>
      </Attack>
      <Range>
      </Range>
      <Type>Talent</Type>
      <Faction>Federation</Faction>
      <Cost>5</Cost>
      <Id>3025</Id>
      <Set>71122</Set>
    </Upgrade>
    <Upgrade>
      <Title>Cochrane Deceleration Maneuver</Title>
      <Ability>ACTION: If you performed a [1 FORWARD] Maneuver this round, discard this Upgrade to Come About [REVERSE DIRECTION]. Place an Auxiliary Power Token beside your ship. </Ability>
      <Skill>
      </Skill>
      <Talent>
      </Talent>
      <Attack>
      </Attack>
      <Range>
      </Range>
      <Type>Talent</Type>
      <Faction>Federation</Faction>
      <Cost>5</Cost>
      <Id>3026</Id>
      <Set>71122</Set>
    </Upgrade>
    <Upgrade>
      <Title>Corbomite Maneuver</Title>
      <Ability>ACTION: Discard this Upgrade to prevent all enemy ships from attacking you this round. You cannot attack this round. </Ability>
      <Skill>
      </Skill>
      <Talent>
      </Talent>
      <Attack>
      </Attack>
      <Range>
      </Range>
      <Type>Talent</Type>
      <Faction>Federation</Faction>
      <Cost>5</Cost>
      <Id>3027</Id>
      <Set>71122</Set>
    </Upgrade>
    <Upgrade>
      <Title>Leonard McCoy</Title>
      <Unique>Y</Unique>
      <Ability>Discard McCoy to allow 1 of your [CREW] Upgrades to perform its Action as a free Action this round. </Ability>
      <Skill>
      </Skill>
      <Talent>
      </Talent>
      <Attack>
      </Attack>
      <Range>
      </Range>
      <Type>Crew</Type>
      <Faction>Federation</Faction>
      <Cost>3</Cost>
      <Id>3028</Id>
      <Set>71122</Set>
    </Upgrade>
    <Upgrade>
      <Title>Hikaru Sulu</Title>
      <Unique>Y</Unique>
      <Ability>ACTION: Add 2 to your Agility for the rest of this round. Each time you defend this round, you may convert 1 [BATTLE STATIONS] result into a [EVADE] result. </Ability>
      <Skill>
      </Skill>
      <Talent>
      </Talent>
      <Attack>
      </Attack>
      <Range>
      </Range>
      <Type>Crew</Type>
      <Faction>Federation</Faction>
      <Cost>3</Cost>
      <Id>3029</Id>
      <Set>71122</Set>
    </Upgrade>
    <Upgrade>
      <Title>Mr. Spock</Title>
      <Unique>Y</Unique>
      <Ability>If your ship has a [SCAN] Token beside it when you attack, you may convert all your [BATTLE STATIONS] results into [HIT] results. </Ability>
      <Skill>
      </Skill>
      <Talent>
      </Talent>
      <Attack>
      </Attack>
      <Range>
      </Range>
      <Type>Crew</Type>
      <Faction>Federation</Faction>
      <Cost>5</Cost>
      <Id>3030</Id>
      <Set>71122</Set>
    </Upgrade>
    <Upgrade>
      <Title>Nyota Uhura</Title>
      <Unique>Y</Unique>
      <Ability>Discard Uhura immediately before you move in order to change your Maneuver for this round. </Ability>
      <Skill>
      </Skill>
      <Talent>
      </Talent>
      <Attack>
      </Attack>
      <Range>
      </Range>
      <Type>Crew</Type>
      <Faction>Federation</Faction>
      <Cost>3</Cost>
      <Id>3031</Id>
      <Set>71122</Set>
    </Upgrade>
    <Upgrade>
      <Title>Montgomery Scott</Title>
      <Unique>Y</Unique>
      <Ability>ACTION: Disable 2 of your Shields in order to gain +2 attack dice this round. -OR- Repair 1 Shield Token and reduce your total attack dice by 2 this round. </Ability>
      <Skill>
      </Skill>
      <Talent>
      </Talent>
      <Attack>
      </Attack>
      <Range>
      </Range>
      <Type>Crew</Type>
      <Faction>Federation</Faction>
      <Cost>5</Cost>
      <Id>3032</Id>
      <Set>71122</Set>
    </Upgrade>
    <Upgrade>
      <Title>Photon Torpedoes</Title>
      <Ability>ATTACK: [TARGET LOCK] Spend your target lock and disable this card to perform this attack. You may convert one [BATTLE STATIONS] result into 1 [CRITICAL HIT] result. You may fire this weapon from your forward or rear firing arcs. </Ability>
      <Skill>
      </Skill>
      <Talent>
      </Talent>
      <Attack>4</Attack>
      <Range>2-3</Range>
      <Type>Weapon</Type>
      <Faction>Federation</Faction>
      <Cost>3</Cost>
      <Id>3033</Id>
      <Set>71122</Set>
    </Upgrade>
    <Upgrade>
      <Title>All Forward Disruptor Banks</Title>
      <Ability>ACTION: Disable this card to add +1 attack die to an attack in your forward arc this round. </Ability>
      <Skill>
      </Skill>
      <Talent>
      </Talent>
      <Attack>
      </Attack>
      <Range>
      </Range>
      <Type>Talent</Type>
      <Faction>Romulan</Faction>
      <Cost>4</Cost>
      <Id>3034</Id>
      <Set>71123</Set>
    </Upgrade>
    <Upgrade>
      <Title>Tactical Officer</Title>
      <Ability>When removing your target lock from an opposing ship in order to re-roll your attack dice, you may re-roll each attack die an additional time. </Ability>
      <Skill>
      </Skill>
      <Talent>
      </Talent>
      <Attack>
      </Attack>
      <Range>
      </Range>
      <Type>Crew</Type>
      <Faction>Romulan</Faction>
      <Cost>3</Cost>
      <Id>3035</Id>
      <Set>71123</Set>
    </Upgrade>
    <Upgrade>
      <Title>Photon Torpedoes</Title>
      <Ability>ATTACK: [TARGET LOCK] Spend your target lock and disable this card to perform this attack. You may convert 1 [BATTLESTATIONS] result into 1 [CRITICAL] result. You may fire this weapon from your forward or rear firing arcs. </Ability>
      <Skill>
      </Skill>
      <Talent>
      </Talent>
      <Attack>5</Attack>
      <Range>2-3</Range>
      <Type>Weapon</Type>
      <Faction>Romulan</Faction>
      <Cost>5</Cost>
      <Id>3036</Id>
      <Set>71123</Set>
    </Upgrade>
    <Upgrade>
      <Title>Plasma Torpedoes</Title>
      <Ability>ATTACK: [TARGET LOCK] Spend your target lock and disable this card to perform this attack. You may re-roll all your blank results one time. You may fire this weapon from your forward or rear firing arcs. </Ability>
      <Skill>
      </Skill>
      <Talent>
      </Talent>
      <Attack>5</Attack>
      <Range>1-2</Range>
      <Type>Weapon</Type>
      <Faction>Romulan</Faction>
      <Cost>5</Cost>
      <Id>3037</Id>
      <Set>71123</Set>
    </Upgrade>
    <Upgrade>
      <Title>Parem</Title>
      <Unique>Y</Unique>
      <Ability>ACTION: If you ship is not Cloaked, disable all your remaining Shields and target a ship at Range 1-2 that is not Cloaked and has no Active Shields. Discard Parem and one [CREW] Upgrade of your choice on the target ship. </Ability>
      <Skill>
      </Skill>
      <Talent>
      </Talent>
      <Attack>
      </Attack>
      <Range>
      </Range>
      <Type>Crew</Type>
      <Faction>Romulan</Faction>
      <Cost>1</Cost>
      <Id>3038</Id>
      <Set>71124</Set>
    </Upgrade>
    <Upgrade>
      <Title>Varel</Title>
      <Unique>Y</Unique>
      <Ability>Discard this card to cancel a single attack against her ship before any dice are rolled. The canceled attack cannot be directed against a different ship. This Upgrade costs +5 Squadron Points for any ship that is not a Romulan Science Vessel. </Ability>
      <Skill>
      </Skill>
      <Talent>
      </Talent>
      <Attack>
      </Attack>
      <Range>
      </Range>
      <Type>Crew</Type>
      <Faction>Romulan</Faction>
      <Cost>5</Cost>
      <Special>costincreasedifnotromulansciencevessel</Special>
      <Id>3039</Id>
      <Set>71124</Set>
    </Upgrade>
    <Upgrade>
      <Title>Interphase Generator</Title>
      <Ability>When defending while you are Cloaked, you may discard this card after all the dice have been rolled to reduce the damage from a single attack to exactly 1 [DAMAGE]. </Ability>
      <Skill>
      </Skill>
      <Talent>
      </Talent>
      <Attack>
      </Attack>
      <Range>
      </Range>
      <Type>Tech</Type>
      <Faction>Romulan</Faction>
      <Cost>3</Cost>
      <Id>3040</Id>
      <Set>71124</Set>
    </Upgrade>
    <Upgrade>
      <Title>Muon Feedback Wave</Title>
      <Ability>ACTION: Discard this card to place a Muon Token beside a ship at Range 1. This upgrade may only be purchased for a Romulan Science Vessel </Ability>
      <Skill>
      </Skill>
      <Talent>
      </Talent>
      <Attack>
      </Attack>
      <Range>
      </Range>
      <Type>Tech</Type>
      <Faction>Romulan</Faction>
      <Cost>4</Cost>
      <Id>3041</Id>
      <Set>71124</Set>
    </Upgrade>
    <Upgrade>
      <Title>Sabotage</Title>
      <Ability>ACTION: Discard this Upgrade to target a ship at Range 1-2 that is not Cloaked and has no Active Shields. Discard 1 [WEAPON] or [TECH] Upgrade on the target ship. </Ability>
      <Skill>
      </Skill>
      <Talent>
      </Talent>
      <Attack>
      </Attack>
      <Range>
      </Range>
      <Type>Talent</Type>
      <Faction>Klingon</Faction>
      <Cost>3</Cost>
      <Id>3042</Id>
      <Set>71125</Set>
    </Upgrade>
    <Upgrade>
      <Title>Korax</Title>
      <Unique>Y</Unique>
      <Ability>ACTION: If your ship is not cloaked, disable all your remaining Shields and target a ship at Range 1-2 that is not Cloaked and has no Active Shields. Discard Korax and any 2 [CREW] Upgrades of your choice on the target ship. </Ability>
      <Skill>
      </Skill>
      <Talent>
      </Talent>
      <Attack>
      </Attack>
      <Range>
      </Range>
      <Type>Crew</Type>
      <Faction>Klingon</Faction>
      <Cost>3</Cost>
      <Id>3043</Id>
      <Set>71125</Set>
    </Upgrade>
    <Upgrade>
      <Title>Cyrano Jones</Title>
      <Unique>Y</Unique>
      <Ability>You begin the game with one Tribble Token beside your Ship Card </Ability>
      <Skill>
      </Skill>
      <Talent>
      </Talent>
      <Attack>
      </Attack>
      <Range>
      </Range>
      <Type>Crew</Type>
      <Faction>Independent</Faction>
      <Cost>3</Cost>
      <Id>3044</Id>
      <Set>71125</Set>
    </Upgrade>
    <Upgrade>
      <Title>Photon Torpedoes</Title>
      <Ability>ATTACK: [TARGET LOCK] Spend your target lock and disable this card to perform this attack. You may convert one [BATTLE STATIONS] result into 1 [CRITICAL HIT] result. You may fire this weapon from your forward or rear firing arcs. </Ability>
      <Skill>
      </Skill>
      <Talent>
      </Talent>
      <Attack>4</Attack>
      <Range>2-3</Range>
      <Type>Weapon</Type>
      <Faction>Klingon</Faction>
      <Cost>3</Cost>
      <Id>3045</Id>
      <Set>71125</Set>
    </Upgrade>
    <Upgrade>
      <Title>Magnetic Pulse</Title>
      <Ability>ATTACK: Disable this card and 1 Active Shield to perform this attack. Each [CRITICAL HIT] that would damage on the opponent's Shield's (sic) instead inflicts 1 [HIT] on the opponent's Hull. </Ability>
      <Skill>
      </Skill>
      <Talent>
      </Talent>
      <Attack>4</Attack>
      <Range>2-3</Range>
      <Type>Weapon</Type>
      <Faction>Klingon</Faction>
      <Cost>4</Cost>
      <Id>3046</Id>
      <Set>71125</Set>
    </Upgrade>
    <Upgrade>
      <Title>Projected Stasis Field</Title>
      <Ability>ACTION: If your ship is not cloaked, disable all of your remaining Shields and discard this Upgrade to target a ship at Range 1-2. That ship must disable all of its remaining Shields and cannot attack this round. Your ship rolls 2 less attack dice this round. </Ability>
      <Skill>
      </Skill>
      <Talent>
      </Talent>
      <Attack>
      </Attack>
      <Range>
      </Range>
      <Type>Tech</Type>
      <Faction>Klingon</Faction>
      <Cost>5</Cost>
      <Id>3047</Id>
      <Set>71125</Set>
    </Upgrade>
    <Upgrade>
      <Title>Klingon Boarding Party</Title>
      <Ability>ACTION: If your ship is not Cloaked, disable all your remaining Shields and target a ship at Range 1-2 that is not Cloaked and has no Active Shields. Discard this card to disable all Upgrades and remove all [BATTLESTATIONS] Tokens on the target ship. </Ability>
      <Skill>
      </Skill>
      <Talent>
      </Talent>
      <Attack>
      </Attack>
      <Range>
      </Range>
      <Type>Crew</Type>
      <Faction>Klingon</Faction>
      <Cost>5</Cost>
      <Id>3048</Id>
      <Set>71126</Set>
    </Upgrade>
    <Upgrade>
      <Title>In'cha</Title>
      <Unique>Y</Unique>
      <Ability>ACTION: Discard this card to perform one additional Maneuver of your choice this round. </Ability>
      <Skill>
      </Skill>
      <Talent>
      </Talent>
      <Attack>
      </Attack>
      <Range>
      </Range>
      <Type>Talent</Type>
      <Faction>Klingon</Faction>
      <Cost>5</Cost>
      <Id>3049</Id>
      <Set>71126</Set>
    </Upgrade>
    <Upgrade>
      <Title>Drex</Title>
      <Unique>Y</Unique>
      <Ability>ACTION: When attacking this round, you may convert 1 [BATTLESTATIONS] result into 1 [CRITICAL] result and all of your other [BATTLESTATIONS] results into [DAMAGE] results. </Ability>
      <Skill>
      </Skill>
      <Talent>
      </Talent>
      <Attack>
      </Attack>
      <Range>
      </Range>
      <Type>Crew</Type>
      <Faction>Klingon</Faction>
      <Cost>4</Cost>
      <Id>3050</Id>
      <Set>71126</Set>
    </Upgrade>
    <Upgrade>
      <Title>Photon Torpedoes (Negh'Var Bonus)</Title>
      <Ability>ATTACK: [TARGET LOCK] Spend your target lock and disable this card to perform this attack. If fired from a Negh'Var class ship add +1 attack die.</Ability>
      <Skill>
      </Skill>
      <Talent>
      </Talent>
      <Attack>5</Attack>
      <Range>2-3</Range>
      <Type>Weapon</Type>
      <Faction>Klingon</Faction>
      <Cost>5</Cost>
      <Id>3051</Id>
      <Set>71126</Set>
    </Upgrade>
    <Upgrade>
      <Title>Tractor Beam</Title>
      <Ability>ACTION: Target a ship at Range 1 and roll 2 attack dice. For every [DAMAGE] result, that ship rolls 1 less defense die against your next attack. </Ability>
      <Skill>
      </Skill>
      <Talent>
      </Talent>
      <Attack>
      </Attack>
      <Range>
      </Range>
      <Type>Tech</Type>
      <Faction>Klingon</Faction>
      <Cost>3</Cost>
      <Id>3052</Id>
      <Set>71126</Set>
    </Upgrade>
    <Upgrade>
      <Title>Glinn Telle</Title>
      <Unique>Y</Unique>
      <Ability>ACTION: Discard this card to target 1 ship in your forward firing arc at Range 1-3. That ship rolls 2 less attack dice this round. </Ability>
      <Skill>
      </Skill>
      <Talent>
      </Talent>
      <Attack>
      </Attack>
      <Range>
      </Range>
      <Type>Crew</Type>
      <Faction>Dominion</Faction>
      <Cost>3</Cost>
      <Id>3053</Id>
      <Set>71127</Set>
    </Upgrade>
    <Upgrade>
      <Title>Forward Weapons Grid</Title>
      <Ability>ATTACK: Disable this card to perform this attack. You must divide the attack between 2 different ships in your forward firing arc. You may divide your attack dice however your like, but you must roll at least 1 attack die against each ship. </Ability>
      <Skill>
      </Skill>
      <Talent>
      </Talent>
      <Attack>5</Attack>
      <Range>1-3</Range>
      <Type>Weapon</Type>
      <Faction>Dominion</Faction>
      <Cost>5</Cost>
      <Id>3054</Id>
      <Set>71127</Set>
    </Upgrade>
    <Upgrade>
      <Title>Antiproton Scan</Title>
      <Ability>If a [SCAN] Token is beside your ship, add +1 attack die when firing against a ship that has no Active Shields. </Ability>
      <Skill>
      </Skill>
      <Talent>
      </Talent>
      <Attack>
      </Attack>
      <Range>
      </Range>
      <Type>Tech</Type>
      <Faction>Dominion</Faction>
      <Cost>4</Cost>
      <Id>3055</Id>
      <Set>71127</Set>
    </Upgrade>
    <Upgrade>
      <Title>EM Pulse</Title>
      <Ability>ACTION: Disable this card to target a ship at Range 1-2. The targeted ship rolls 1 less attack die and 1 less defense die this round. </Ability>
      <Skill>
      </Skill>
      <Talent>
      </Talent>
      <Attack>
      </Attack>
      <Range>
      </Range>
      <Type>Tech</Type>
      <Faction>Dominion</Faction>
      <Cost>4</Cost>
      <Id>3056</Id>
      <Set>71127</Set>
    </Upgrade>
    <Upgrade>
      <Title>Breen Aide</Title>
      <Ability>If your ship has a [SCAN] Token beside it when you attack, you may convert 1 blank result into [DAMAGE] result. </Ability>
      <Skill>
      </Skill>
      <Talent>
      </Talent>
      <Attack>
      </Attack>
      <Range>
      </Range>
      <Type>Crew</Type>
      <Faction>Dominion</Faction>
      <Cost>2</Cost>
      <Id>3057</Id>
      <Set>71128</Set>
    </Upgrade>
    <Upgrade>
      <Title>Photon Torpedoes</Title>
      <Ability>ATTACK: [TARGET LOCK] Spend your target lock and disable this card to perform this attack. You may fire this weapon from your forward or rear firing arcs. </Ability>
      <Skill>
      </Skill>
      <Talent>
      </Talent>
      <Attack>5</Attack>
      <Range>1-3</Range>
      <Type>Weapon</Type>
      <Faction>Dominion</Faction>
      <Cost>5</Cost>
      <Id>3058</Id>
      <Set>71128</Set>
    </Upgrade>
    <Upgrade>
      <Title>Energy Dissipator</Title>
      <Ability>ATTACK: Disable this card to perform this attack. If this attack hits, the target suffers no damage, receives 1 Energy Dampening Token, and you may immediately attack the same ship again with another weapon. This upgrade costs +5 Squadron Points for any non-Breen ship. </Ability>
      <Skill>
      </Skill>
      <Talent>
      </Talent>
      <Attack>3</Attack>
      <Range>1</Range>
      <Type>Weapon</Type>
      <Faction>Dominion</Faction>
      <Cost>5</Cost>
      <Special>costincreasedifnotbreen</Special>
      <Id>3059</Id>
      <Set>71128</Set>
    </Upgrade>
    <Upgrade>
      <Title>Conditional Surrender</Title>
      <Ability>When your ship is attacked, before any dice are rolled, discard all of your Crew Upgrades to cancel the attack. You must have at least 1 Crew Upgrade on your ship in order to use this ability.</Ability>
      <Skill>
      </Skill>
      <Talent>
      </Talent>
      <Attack>
      </Attack>
      <Range>
      </Range>
      <Type>Talent</Type>
      <Faction>Ferengi</Faction>
      <Cost>3</Cost>
      <Id>3060</Id>
      <Set>OP1Prize</Set>
    </Upgrade>
    <Upgrade>
      <Title>EM Pulse</Title>
      <Ability>ACTION: Disable this card to target a ship at Range 1-2 that is not in your forward firing arc. Place an Auxiliary Power Token beside the target ship. The target ship rolls 2 less attack dice this round.</Ability>
      <Skill>
      </Skill>
      <Talent>
      </Talent>
      <Attack>
      </Attack>
      <Range>
      </Range>
      <Type>Tech</Type>
      <Faction>Ferengi</Faction>
      <Cost>4</Cost>
      <Id>3061</Id>
      <Set>OP1Prize</Set>
    </Upgrade>
    <Upgrade>
      <Title>Farek</Title>
      <Unique>Y</Unique>
      <Ability>ACTION: If your ship is not Cloaked, disable all of your remaining Shields to target a ship at Range 1-2 that is not Cloaked and has no Active Shields. Discard Farek and 1 Crew Upgrade on the target ship. If there is a [SCAN] Token beside your ship, you may perform this action as a free Action.</Ability>
      <Skill>
      </Skill>
      <Talent>
      </Talent>
      <Attack>
      </Attack>
      <Range>
      </Range>
      <Type>Crew</Type>
      <Faction>Ferengi</Faction>
      <Cost>3</Cost>
      <Id>3062</Id>
      <Set>OP1Prize</Set>
    </Upgrade>
    <Upgrade>
      <Title>Missile Launchers</Title>
      <Ability>ATTACK: Disable this card to perform this attack. Make 2 attacks against ship(s) in our forward firing arc. Roll 2 attack dice for each of these attacks. Any [CRITICAL] results that would damage an opponent's Shields inflict critical damage to that ship's Hull instead.</Ability>
      <Skill>
      </Skill>
      <Talent>
      </Talent>
      <Attack>2</Attack>
      <Range>1-2</Range>
      <Type>Weapon</Type>
      <Faction>Ferengi</Faction>
      <Cost>3</Cost>
      <Id>3063</Id>
      <Set>OP1Prize</Set>
    </Upgrade>

    <Upgrade>
      <Title>Defense Condition One</Title>
      <Ability>ACTION: Disable this card to place a [BATTLESTATION] Token beside your ship and all friendly ships within Range 1-2 of your ship (even if there is already one there).</Ability>
      <Skill>
      </Skill>
      <Talent>
      </Talent>
      <Attack></Attack>
      <Range></Range>
      <Type>Talent</Type>
      <Faction>Klingon</Faction>
      <Cost>5</Cost>
      <Id>3086</Id>
      <Set>OP2Prize</Set>
    </Upgrade>
    <Upgrade>
      <Title>Barrage of Fire</Title>
      <Ability>ATTACK: Disable this card to perform this attack. Target 1 friendly ship within Range 1 of your ship. Target ship may not make a normal attack this round. Instead, add the Primary Weapon value of that ship to your attack roll for this attack. Both ships must have the enemy ship within their forward firing arcs. Place an Auxillary Power Token beside both ships.</Ability>
      <Skill>
      </Skill>
      <Talent>
      </Talent>
      <Attack>4</Attack>
      <Range>1-2</Range>
      <Type>Weapon</Type>
      <Faction>Klingon</Faction>
      <Cost>5</Cost>
      <Id>3087</Id>
      <Set>OP2Prize</Set>
    </Upgrade>
    <Upgrade>
      <Title>Secondary Shield Emitters</Title>
      <Ability>ACTION: Disable this card to repair 1 Shield Token. If you attack this round, roll 1 less attack die.</Ability>
      <Skill>
      </Skill>
      <Talent>
      </Talent>
      <Attack></Attack>
      <Range></Range>
      <Type>Tech</Type>
      <Faction>Klingon</Faction>
      <Cost>3</Cost>
      <Id>3065</Id>
      <Set>OP2Prize</Set>
    </Upgrade>
    <Upgrade>
      <Title>Synon</Title>
      <Unique>Y</Unique>
      <Ability>When performing a [SENSOR ECHO] Action, you may use a 1, 2 or 3 maneuver template.</Ability>
      <Skill>
      </Skill>
      <Talent>
      </Talent>
      <Attack></Attack>
      <Range></Range>
      <Type>Crew</Type>
      <Faction>Klingon</Faction>
      <Cost>5</Cost>
      <Id>3066</Id>
      <Set>OP2Prize</Set>
    </Upgrade>

    <Upgrade>
      <Title>Quantum Torpedoes</Title>
      <Ability>ATTACK: [TARGET LOCK] Spend your [TARGET LOCK] and disable this card to perform this attack. If the target ship is hit, add 1 [HIT] result to your total damage. You may fire this weapon from your forward or rear firing arcs.</Ability>
      <Skill>
      </Skill>
      <Talent>
      </Talent>
      <Attack>5</Attack>
      <Range>2-3</Range>
      <Type>Weapon</Type>
      <Faction>Federation</Faction>
      <Cost>6</Cost>
      <Id>3067</Id>
      <Set>71268</Set>
    </Upgrade>
    <Upgrade>
      <Title>Cloaking Device</Title>
      <Ability>Instead of performing a normal Action, you may disable this card to perform the [CLOAK] Action. While you have a [CLOAK] token beside your ship, you may perform the [SENSOR ECHO] Action even if this card is disabled. This Upgrade costs +5 Squadron Points for any ship other than the U.S.S. Defiant.</Ability>
      <Skill>
      </Skill>
      <Talent>
      </Talent>
      <Attack></Attack>
      <Range></Range>
      <Type>Tech</Type>
      <Faction>Federation</Faction>
      <Cost>4</Cost>
      <Id>3068</Id>
      <Set>71268</Set>
      <Special>PenaltyOnShipOtherThanDefiant</Special>
    </Upgrade>
    <Upgrade>
      <Title>Worf</Title>
      <Unique>Y</Unique>
      <Ability>ACTION: Target a ship at Range 1. That ship rolls 2 less attack dice this round.</Ability>
      <Skill>
      </Skill>
      <Talent>
      </Talent>
      <Attack></Attack>
      <Range></Range>
      <Type>Crew</Type>
      <Faction>Federation</Faction>
      <Cost>3</Cost>
      <Id>3069</Id>
      <Set>71268</Set>
    </Upgrade>
    <Upgrade>
      <Title>Attack Pattern Delta</Title>
      <Ability>Disable this card to re-roll your entire defense roll. You must re-roll all of the dice and keep the results of the second roll.</Ability>
      <Skill>
      </Skill>
      <Talent>
      </Talent>
      <Attack></Attack>
      <Range></Range>
      <Type>Talent</Type>
      <Faction>Federation</Faction>
      <Cost>3</Cost>
      <Id>3088</Id>
      <Set>71268</Set>
    </Upgrade>
    <Upgrade>
      <Title>Attack Pattern Omega</Title>
      <Ability>If you damage an opponent's Hull with a [CRITICAL], you may immediately discard this card to search the Damage Deck for a "Warp Core Breach" card instead of drawing a random Damage Card. Re-shuffle the Damage Deck when you are done.</Ability>
      <Skill>
      </Skill>
      <Talent>
      </Talent>
      <Attack></Attack>
      <Range></Range>
      <Type>Talent</Type>
      <Faction>Federation</Faction>
      <Cost>3</Cost>
      <Id>3071</Id>
      <Set>71268</Set>
    </Upgrade>
    <Upgrade>
      <Title>Jadzia Dax</Title>
      <Unique>Y</Unique>
      <Ability>ACTION: Disable this card to perform an additional "2" maneuver this round (forward or bank). You cannot attack this round.</Ability>
      <Skill>
      </Skill>
      <Talent>
      </Talent>
      <Attack></Attack>
      <Range></Range>
      <Type>Crew</Type>
      <Faction>Federation</Faction>
      <Cost>4</Cost>
      <Id>3089</Id>
      <Set>71268</Set>
    </Upgrade>
    <Upgrade>
      <Title>Miles O'Brien</Title>
      <Unique>Y</Unique>
      <Ability>ACTION: Disable this card to repair 2 Shield Tokens. You cannot attack this round.</Ability>
      <Skill>
      </Skill>
      <Talent>
      </Talent>
      <Attack></Attack>
      <Range></Range>
      <Type>Crew</Type>
      <Faction>Federation</Faction>
      <Cost>5</Cost>
      <Id>3090</Id>
      <Set>71268</Set>
    </Upgrade>

    <Upgrade>
      <Title>Once More Unto The Breach</Title>
      <Unique>Y</Unique>
      <Ability>ACTION: Disable this card to allow your Primary Weapon to make a total of 2 attacks this round at -1 attack die each. You may not roll any defense dice this round.</Ability>
      <Skill>
      </Skill>
      <Talent>
      </Talent>
      <Attack></Attack>
      <Range></Range>
      <Type>Talent</Type>
      <Faction>Klingon</Faction>
      <Cost>5</Cost>
      <Id>3072</Id>
      <Set>71269</Set>
    </Upgrade>
    <Upgrade>
      <Title>Concussive Charges</Title>
      <Unique></Unique>
      <Ability>ATTACK: [TARGET LOCK] Spend your target lock and diable this card to perform this attack. For every uncanceled [HIT] or [CRITICAL] result, the target ship loses 1 token of your choice that has been placed beside it in the play area. You may fire this weapon from your forward or rear firing arcs.</Ability>
      <Skill>
      </Skill>
      <Talent>
      </Talent>
      <Attack>4</Attack>
      <Range>2-3</Range>
      <Type>Weapon</Type>
      <Faction>Klingon</Faction>
      <Cost>4</Cost>
      <Id>3085</Id>
      <Set>71269</Set>
    </Upgrade>
    <Upgrade>
      <Title>Photon Torpedoes</Title>
      <Ability>ATTACK: [TARGET LOCK] Spend your target lock and disable this card to perform this attack. You may convert 1 [BATTLESTATIONS] result into 1 [CRITICAL] result. You may fire this weapon from your forward or rear firing arcs. </Ability>
      <Skill>
      </Skill>
      <Talent>
      </Talent>
      <Attack>5</Attack>
      <Range>2-3</Range>
      <Type>Weapon</Type>
      <Faction>Klingon</Faction>
      <Cost>5</Cost>
      <Id>3073</Id>
      <Set>71269</Set>
    </Upgrade>
    <Upgrade>
      <Title>Kerla</Title>
      <Unique>Y</Unique>
      <Ability>When defending against a ship at Range 1, you may convert 1 of your [BATTLESTATION] results into 1 [EVADE] result.</Ability>
      <Skill>
      </Skill>
      <Talent>
      </Talent>
      <Attack></Attack>
      <Range></Range>
      <Type>Crew</Type>
      <Faction>Klingon</Faction>
      <Cost>2</Cost>
      <Id>3074</Id>
      <Set>71269</Set>
    </Upgrade>
    <Upgrade>
      <Title>Stex</Title>
      <Unique>Y</Unique>
      <Ability>If a [CREW] Upgrade on an enemy ship would cause your ship to discard or disable any of your Upgrades, roll 2 defense dice. If you roll at least 1 [EVADE] result, ignore the effects of the enemy Upgrade. </Ability>
      <Skill>
      </Skill>
      <Talent>
      </Talent>
      <Attack></Attack>
      <Range></Range>
      <Type>Crew</Type>
      <Faction>Klingon</Faction>
      <Cost>2</Cost>
      <Id>3075</Id>
      <Set>71269</Set>
    </Upgrade>

    <Upgrade>
      <Title>Cloaked Mines</Title>
      <Unique></Unique>
      <Ability>During the Planning Phase, you may discard this card to place a Minefield Token within Range 2 of your ship (in any direction) but not witihn Range 2 of an Enemy ship. If an enemy ship passes within Range 1 of the token, roll 3 attack dice (-1 if the taret ship immediately performs a [SCAN] Action). Any [HIT] or [CRITICAL] damages the target ship as normal. The affected ship does not roll any defense dice.</Ability>
      <Skill>
      </Skill>
      <Talent>
      </Talent>
      <Attack></Attack>
      <Range></Range>
      <Type>Tech</Type>
      <Faction>Romulan</Faction>
      <Cost>3</Cost>
      <Id>3076</Id>
      <Set>71270</Set>
    </Upgrade>
    <Upgrade>
      <Title>Polarized Hull Plating</Title>
      <Unique></Unique>
      <Ability>When your ship is hit, convert 1 [CRITICAL] into 1 [HIT] result.</Ability>
      <Skill>
      </Skill>
      <Talent>
      </Talent>
      <Attack></Attack>
      <Range></Range>
      <Type>Tech</Type>
      <Faction>Romulan</Faction>
      <Cost>2</Cost>
      <Id>3077</Id>
      <Set>71270</Set>
    </Upgrade>
    <Upgrade>
      <Title>Nuclear Missles</Title>
      <Unique></Unique>
      <Ability>ATTACK: [TARGET LOCK] Spend your target lock and disable this card to perform this attack. You may re-roll one of your blank results one time.</Ability>
      <Skill>
      </Skill>
      <Talent>
      </Talent>
      <Attack>3</Attack>
      <Range>1-2</Range>
      <Type>Weapon</Type>
      <Faction>Romulan</Faction>
      <Cost>2</Cost>
      <Id>3078</Id>
      <Set>71270</Set>
    </Upgrade>
    <Upgrade>
      <Title>Long Range Tachyon Scan</Title>
      <Unique></Unique>
      <Ability>When attacking a ship at Range 3, you may spend 1 [SCAN] Token to force that ship to roll 2 less defence dice this round.</Ability>
      <Skill>
      </Skill>
      <Talent>
      </Talent>
      <Attack></Attack>
      <Range></Range>
      <Type>Tech</Type>
      <Faction>Dominion</Faction>
      <Cost>2</Cost>
      <Id>3079</Id>
      <Set>71271</Set>
    </Upgrade>
    <Upgrade>
      <Title>Suicide Attack</Title>
      <Unique></Unique>
      <Ability>ACTION: At the end of the Activation Phase, you must make a 1 Forward Maneuver and place an Auxillary Power Token beside your ship. If your ship overlaps an enemy ship, destroy your ship and roll 8 attack dice to damage the enemy ship. That ship rolls defense dice against this attack. This Upgrade may only be purchased for a Jem'Hadar ship.</Ability>
      <Skill>
      </Skill>
      <Talent>
      </Talent>
      <Attack></Attack>
      <Range></Range>
      <Type>Tech</Type>
      <Faction>Dominion</Faction>
      <Cost>5</Cost>
      <Id>3080</Id>
      <Set>71271</Set>
      <Special>OnlyJemHadarShips</Special>
    </Upgrade>
    <Upgrade>
      <Title>Phased Polaron Beam</Title>
      <Unique></Unique>
      <Ability>ATTACK: Disable this card to perform this attack. All damage inflicted by this attack ignore the opposing ship's Shields. This upgrade costs +5 Squadron Points for any non-Jem'Hadar ship.</Ability>
      <Skill>
      </Skill>
      <Talent>
      </Talent>
      <Attack>3</Attack>
      <Range>1-2</Range>
      <Type>Weapon</Type>
      <Faction>Dominion</Faction>
      <Cost>5</Cost>
      <Id>3081</Id>
      <Set>71271</Set>
      <Special>PlusFivePointsNonJemHadarShips</Special>
    </Upgrade>
    <Upgrade>
      <Title>Omet'Iklan</Title>
      <Unique>Y</Unique>
      <Ability>Whenever you attack with your Primary Weapon, you may convert 1 result into a [HIT] result. This Upgrade may only be purchased for a Jem'hadar ship.</Ability>
      <Skill>
      </Skill>
      <Talent>
      </Talent>
      <Attack></Attack>
      <Range></Range>
      <Type>Crew</Type>
      <Faction>Dominion</Faction>
      <Cost>5</Cost>
      <Id>3082</Id>
      <Set>71271</Set>
      <Special>OnlyJemHadarShips</Special>
    </Upgrade>
    <Upgrade>
      <Title>Virak'Kara</Title>
      <Unique>Y</Unique>
      <Ability>ACTION: Target a ship at Range 1. Disable this card and 1 [CREW] Upgrade of your choice on the target ship (even if that ship is Cloaked or has Active Shields). You may then use that Upgrade's Action (if any) as a free Action this round. This Upgrade may only be purchased for a Jem'hadar ship.</Ability>
      <Skill>
      </Skill>
      <Talent>
      </Talent>
      <Attack></Attack>
      <Range></Range>
      <Type>Crew</Type>
      <Faction>Dominion</Faction>
      <Cost>5</Cost>
      <Id>3083</Id>
      <Set>71271</Set>
      <Special>OnlyJemHadarShips</Special>
    </Upgrade>
    <Upgrade>
      <Title>Toman'Torax</Title>
      <Unique>Y</Unique>
      <Ability>ACTION: Target a ship at Range 1. Discard this card and 1 [CREW] Upgrade of your choice on the taget ship (even if that ship is Cloaked or has Active Shields. This Upgrade may only be purchased for a Jem'hadar ship.</Ability>
      <Skill>
      </Skill>
      <Talent>
      </Talent>
      <Attack></Attack>
      <Range></Range>
      <Type>Crew</Type>
      <Faction>Dominion</Faction>
      <Cost>5</Cost>
      <Id>3084</Id>
      <Set>71271</Set>
      <Special>OnlyJemHadarShips</Special>
    </Upgrade>
    <Upgrade>
      <Title>Redshirt</Title>
      <Unique>n</Unique>
      <Ability>When defending, discard this card to cancel any one of your opponent's attack dice of your choice.</Ability>
      <Skill>
      </Skill>
      <Talent>
      </Talent>
      <Attack></Attack>
      <Range></Range>
      <Type>Crew</Type>
      <Faction>Federation</Faction>
      <Cost>4</Cost>
      <Id>3091</Id>
      <Set>OP2Participation</Set>
      <Special></Special>
    </Upgrade>





  </Upgrades>
  <Resources>
    <Resource>
      <Title>Elite Attack Die</Title>
      <Unique>Y</Unique>
      <Ability>1) Once during every round, a player may choose to exchange 1 of their attack dice with the Elite Attack Die. Players may not roll this die more than once per round, regardless of how many ships they have in their fleet.

2) The pips on the Elite Attack Die are [DOUBLE HIT], [CRITICAL], [CRITICAL], [HIT],[HIT],[HIT], [BATTLESTATIONS], [BATTLESTATIONS].

3) The [DOUBLE HIT] result may be canceled by 1 [EVADE].

4) The [DOUBLE HIT] result inflicts 2 damage if not canceled.

5) When canceling the attack dice with [EVADE] results, the order that the dice are canceled is: [HIT], [DOUBLE HIT], then [CRITICAL].</Ability>
      <Type>Resource</Type>
      <Cost>5</Cost>
      <Id>4001</Id>
      <Set>OP1Participation</Set>
    </Resource>
    <Resource>
      <Title>Command Tokens</Title>
      <Unique>Y</Unique>
      <Ability>1) Players receive a set of 10 Command Tokens and choose 5 to use.
2) A player may only use Command Tokens for his/her ships.
3) When a Command Token is used, it is flipped over and may not be used again in that Battle.

COMMAND TOKENS:
- Place a [EVADE] token beside your ship as a Free Action this Round.
- Place a [BATTLESTATIONS] token beside your ship as a Free Action this Round.
- Place a [SCAN] token beside your ship as a Free Action this Round.
- You may [TARGET LOCK] 1 enemy ship as a Free Action this Round.
- You may choose any number of your attack dice and re-roll them once. You must keep the results of the 2nd roll.
- You may choose any number of your defense dice and re-roll them once. You must keep the results of the 2nd roll.
- Before rolling any of your attack dice, you may add +1 attack die to the current attack.
- Before rolling any of your defense dice, you may add +1 defense die to the current defense.
- Before rolling any of your attack dice, you may set 1 of your attack dice on any side of your choice. This die may not be rolled or re-rolled during this round.
- Before rolling any of your defense dice, you may set 1 of your defense dice on any side of your choice. This die may not be rolled or re-rolled during this round.
      </Ability>
      <Type>Resource</Type>
      <Cost>5</Cost>
      <Id>4002</Id>
      <Set>OP2Participation</Set>
    </Resource>    
  </Resources>
  <Sets>

    <Set id="GenCon2013Promo" overallSetName="Promo Card">Khan Singh GenCon 2013 Promo</Set>

    <Set id="OP1Participation" overallSetName="Organized Play">Dominion War OP1 Participation Prize</Set>
    <Set id="OP1Prize" overallSetName="Organized Play">Dominion War OP1 Competitive Prize</Set>
    <Set id="OP2Participation" overallSetName="Organized Play">Dominion War OP2 Participation Prize</Set>
    <Set id="OP2Prize" overallSetName="Organized Play">Dominion War OP2 Competitive Prize</Set>
    <Set id="OP3Participation" overallSetName="Organized Play">Dominion War OP3 Participation Prize</Set>
    <Set id="OP3Prize" overallSetName="Organized Play">Dominion War OP3 Competitive Prize</Set>
    <Set id="OP4Participation" overallSetName="Organized Play">Dominion War OP4 Participation Prize</Set>
    <Set id="OP4Prize" overallSetName="Organized Play">Dominion War OP4 Competitive Prize</Set>
    <Set id="OP5Participation" overallSetName="Organized Play">Dominion War OP5 Participation Prize</Set>
    <Set id="OP5Prize" overallSetName="Organized Play">Dominion War OP5 Competitive Prize</Set>
    <Set id="OP6Participation" overallSetName="Organized Play">Dominion War OP6 Participation Prize</Set>
    <Set id="OP6Prize" overallSetName="Organized Play">Dominion War OP6 Competitive Prize</Set>
   
    <Set id="71120" overallSetName="Core">Starter Set</Set>
    <Set id="71121" overallSetName="Wave 0">Federation U.S.S. Reliant Expansion Pack</Set>
    <Set id="71122" overallSetName="Wave 0">Federation U.S.S. Enterprise Expansion Pack</Set>
    <Set id="71123" overallSetName="Wave 0">Romulan I.R.W. Valdore Expansion Pack</Set>
    <Set id="71124" overallSetName="Wave 0">Romulan R.I.S. Apnex Expansion Pack</Set>
    <Set id="71125" overallSetName="Wave 0">Klingon I.K.S. Gr''oth Expansion Pack</Set>
    <Set id="71126" overallSetName="Wave 0">Klingon I.K.S. Negh''var Expansion Pack</Set>
    <Set id="71127" overallSetName="Wave 0">Dominion Kraxon Expansion Pack</Set>
    <Set id="71128" overallSetName="Wave 0">Dominion Gor Portas Expansion Pack</Set>    
        
    <Set id="71268" overallSetName="Wave 1">Federation U.S.S. Defiant Expansion Pack</Set>
    <Set id="71269" overallSetName="Wave 1">Klingon I.K.S. Kronos One Expansion Pack</Set>
    <Set id="71270" overallSetName="Wave 1">Romulan I.R.W. Praetus Expansion Pack</Set>
    <Set id="71271" overallSetName="Wave 1">Dominion 5th Wing Patrol Ship 6 Expansion Pack</Set>

    <Set id="71272" overallSetName="Wave 2">Federation U.S.S. Excelsior Expansion Pack</Set>
    <Set id="71273" overallSetName="Wave 2">Klingon I.K.S. Koraga Expansion Pack</Set>
    <Set id="71274" overallSetName="Wave 2">Romulan R.I.S. Vo Expansion Pack</Set>
    <Set id="71275" overallSetName="Wave 2">Dominion Koranak Expansion Pack</Set>

    <Set id="71276" overallSetName="Wave 3">Federation U.S.S. Equinox Expansion Pack</Set>
    <Set id="71448" overallSetName="Wave 3">Klingon I.K.S. Somraw Expansion Pack</Set>
    <Set id="71278" overallSetName="Wave 3">Romulan R.I.S. Gal Gath'thong Expansion Pack</Set>
    <Set id="71279" overallSetName="Wave 3">Dominion 4th Division Battleship Expansion Pack</Set>
    
  </Sets>
</Data>
